language	X →	→ Y	context	example	gloss	comment	source
Awara	k	d~ɡ	C_	na-ka → napda	rope-2sg.gen		[Quigley 1985: 63]
Awara	l	d~ɡ	C_	nap-le → napde	rope-dat		[Quigley 1985: 63]
Awara	n	Ø	n_	sandun-na → sanduna	axe-1s.gen		[Quigley 1985: 63]
Awara	n	Ø	ŋ _	eŋaŋ-na → eŋaŋa	axe-1s.gen		[Quigley 1985: 63]
Awara	n	ŋ	k_	musuk-na → musukŋa	knife-1s.gen		[Quigley 1985: 63]
Awara	n	ŋ	ɡ_				[Quigley 1985: 63]
Awara	n	ŋ	h_				[Quigley 1985: 63]
Awara	t	d~ɡ	C_	nap-tʌ → napdʌ	rope-abl		[Quigley 1985: 63]
Awara	y	n	С_	hapit-yʌ → hapitnʌ	Hapit-after		[Quigley 1985: 63]
Bargam	Ø	ʔ	V_V	ya-imp → yaʔimp	I-emp		[Hepner 2006: 16]
Bargam	n	ŋ	_ɡ	ni.ni-ɡo → niŋɡo	you.02s-pos		[Hepner 2006: 17]
Bargam	n	Ø	_wun	riten-wun → ritewun	start-dir		[Hepner 2006: 18]
Bargam	w	Ø	_wun	yuʔuw-wun → yuʔuwun	laugh-dir		[Hepner 2006: 18]
Bargam	wun	un	ɡ_	naɡ-wun → naɡun	search-dir		[Hepner 2006: 18]
Bargam	wun	un	b_	rab-wun → rabun	fear-dir		[Hepner 2006: 18]
Bargam	y	Ø	_wun	liley-wun → lilewun	call-dir		[Hepner 2006: 18]
Bargam	ʔ	Ø	_wun	bilaʔ-wun → bilawin	say-dir		[Hepner 2006: 18]
Bargam	ʔ	Ø	_y	neʔ-y → ney	eat-1s.pa		[Hepner 2006: 19]
Bargam	ʔ	Ø	_m	waʔ-m → wam	get-n1s.pa		[Hepner 2006: 19]
Bargam	ʔ	Ø	_w	woʔ-w → wow	fall-1p.pa		[Hepner 2006: 19]
Bilua	b	ᵐb	V_V	maba → maᵐba	person		[Obata, Kazuko 2003: 8-9]
Bilua	d	ⁿd	V_V	pardaɛko → parⁿdaɛko	finish		[Obata, Kazuko 2003: 8-9]
Bilua	dʒ	ⁿdʒ	V_V	kedʒu → keⁿdʒu	cook		[Obata, Kazuko 2003: 8-9]
Bilua	ɡ	ᵑɡ	V_V	seleaɡasa → seleaᵑɡasa	seagull		[Obata, Kazuko 2003: 8-9]
Daga	ɡ	k	_#	batnaɡ-# → batnak	count-2sg.imp		[Murane 1974: 5]
Daga	r	t	_#	war-# → wat	get-2sg.imp		[Murane 1974: 6]
Daga	s	t	_#	yamos → yamot	lick-2sg.imp		[Murane 1974: 6]
Daga	s	t	_a				[Murane 1974: 6]
Daga	s	t	_[+round]	yamos-ain → yamotain	lick-3pl.f		[Murane 1974: 6]
Daga	w	o	_#	yaw-# → yao	see-2sg.imp		[Murane 1974: 6]
Daga	w	v	_i/_e	yaw-ivin → yavivin	see-1sg.pr.cont		[Murane 1974: 6]
Eastern Mari	čk	č	_#				[Sebeok, Ingemann 1961: 13]
Eastern Mari	čk	č	_C	kočkes → kočmas			[Sebeok, Ingemann 1961: 13]
Eastern Mari	d	t	_#	kidəštəže → kit			[Sebeok, Ingemann 1961: 12]
Eastern Mari	d	t	_blək				[Sebeok, Ingemann 1961: 12]
Eastern Mari	d	t	_C[tense]	kidəštəže → kitše			[Sebeok, Ingemann 1961: 12]
Eastern Mari	f	v	V_V				[Galkin et al 1960: 125]
Eastern Mari	ɡ	k	_#	oɡət → ok			[Sebeok, Ingemann 1961: 12]
Eastern Mari	k	ɡ	V_	ačaškaj → moɡaj			[Sebeok, Ingemann 1961: 12]
Eastern Mari	k	ɡ	C[sonor]_				[Sebeok, Ingemann 1961: 12]
Eastern Mari	k	ɡ	V_V				[Galkin et al 1960: 125]
Eastern Mari	kt	k	_#	lekteš → lek			[Sebeok, Ingemann 1961: 13]
Eastern Mari	kt	k	_C				[Sebeok, Ingemann 1961: 13]
Eastern Mari	n	ń	_č	muno → muńčas			[Sebeok, Ingemann 1961: 13]
Eastern Mari	ńč	č	_#	šińčam → šič			[Sebeok, Ingemann 1961: 13]
Eastern Mari	ńč	č	_C				[Sebeok, Ingemann 1961: 13]
Eastern Mari	p	b	V_				[Sebeok, Ingemann 1961: 12]
Eastern Mari	p	b	C[sonor]_				[Sebeok, Ingemann 1961: 12]
Eastern Mari	p	b	V_V				[Galkin et al 1960: 125]
Eastern Mari	s	z	V_V				[Galkin et al 1960: 125]
Eastern Mari	št	š	_š	košteš → koššo			[Sebeok, Ingemann 1961: 13]
Eastern Mari	t	d	V_				[Sebeok, Ingemann 1961: 12]
Eastern Mari	t	d	C[sonor]_	joltašta → üstelda			[Sebeok, Ingemann 1961: 12]
Eastern Mari	t	d	V_V	kitna → kidɨm			[Galkin et al 1960: 125]
Eastern Mari	z	s	C[tense]_				[Sebeok, Ingemann 1961: 12]
Eastern Mari	z	č	_#				[Sebeok, Ingemann 1961: 13]
Estonian	k	ɡ	V[long]_				[Erelt 2003: 25]
Estonian	m	n	_d	lumi → lund			[Erelt 2003: 30]
Estonian	m	n	_t				[Erelt 2003: 30]
Estonian	p	b	V[long]_				[Erelt 2003: 25]
Estonian	ss	s	V[long]_				[Erelt 2003: 25
Estonian	t	d	V[long]_				[Erelt 2003: 25]
Finnish	d	s	_i				[Serebrennikov, Kert 1958: 36]
Finnish	hke	hje	_C				[Karlsson 1999: 32]
Finnish	hke	hje	_CC				[Karlsson 1999: 32]
Finnish	hke	hje	_e	pohkeet → pohje			[Karlsson 1999: 32]
Finnish	kk	k	_C				[Karlsson 1999: 29—30]
Finnish	kk	k	_CC				[Karlsson 1999: 29—30]
Finnish	kk	k	_as	rakkaat → rakas			[Karlsson 1999: 29—30]
Finnish	ks	s	_#				[Serebrennikov, Kert 1958: 37]
Finnish	ks	s	_C	variksen → varista			[Serebrennikov, Kert 1958: 37]
Finnish	lke	lje	_C				[Karlsson 1999: 32]
Finnish	lke	lje	_CC				[Karlsson 1999: 32]
Finnish	lke	lje	_e	hylkeet → hylje			[Karlsson 1999: 32]
Finnish	lt	ll	_C				[Karlsson 1999: 32]
Finnish	lt	ll	_CC				[Karlsson 1999: 32]
Finnish	lt	ll	_as	altaat → allas			[Karlsson 1999: 32]
Finnish	m	n	V_ta	lumen → lunta			[Serebrennikov, Kert 1958: 37]
Finnish	mp	mm	_C				[Karlsson 1999: 32]
Finnish	mp	mm	_CC				[Karlsson 1999: 32]
Finnish	mp	mm	_as	lampaat → lammas			[Karlsson 1999: 32]
Finnish	nk	nɡ	_C				[Karlsson 1999: 32]
Finnish	nk	nɡ	_CC				[Karlsson 1999: 32]
Finnish	nk	nɡ	_as	kuninkaat → kuninɡas			[Karlsson 1999: 32]
Finnish	nt	nn	_C				[Karlsson 1999: 32]
Finnish	nt	nn	_CC				[Karlsson 1999: 32]
Finnish	nt	nn	_as	kintaat → kinnas			[Karlsson 1999: 32]
Finnish	p	v	_C				[Karlsson 1999: 32]
Finnish	p	v	_CC				[Karlsson 1999: 32]
Finnish	p	v	_as	varpaat → varvas			[Karlsson 1999: 32]
Finnish	pp	p	_as	saappa → sapas	boot.nom		[Karlsson 1999: 29—30]
Finnish	pp	p	_C				[Karlsson 1999: 29—30]
Finnish	pp	p	_CC				[Karlsson 1999: 29—30]
Finnish	ps	s	_#				[Serebrennikov, Kert 1958: 37]
Finnish	ps	s	_C	lapsen → lasta			[Serebrennikov, Kert 1958: 37]
Finnish	rt	rr	_C				[Karlsson 1999: 32]
Finnish	rt	rr	_CC				[Karlsson 1999: 32]
Finnish	rt	rr	_as	portaat → porras			[Karlsson 1999: 32]
Finnish	t	d	_C				[Karlsson 1999: 32]
Finnish	t	d	_CC				[Karlsson 1999: 32]
Finnish	t	d	_as	hitaat → hidas			[Karlsson 1999: 32]
Finnish	t	s	_i	pyytaæ → pyssi			[Serebrennikov, Kert 1958: 36]
Finnish	ts	s	_#				[Serebrennikov, Kert 1958: 37]
Finnish	ts	s	_C	punnitsen → punnitkoon			[Serebrennikov, Kert 1958: 37]
Finnish	tt	t	_CC	katolla	roof-ade.sg		[Karlsson 1999: 29—30]
Finnish	tt	t	_C	katto → katon	roof-gen.sg		[Karlsson 1999: 29—30]
Finnish	tt	t	_as	rattaat → ratas			[Karlsson 1999: 29—30]
Fore	k	ɡ̴ɣ	V_V				[Foley 1986: 55]
Fore	p	b̴β	V_V				[Foley 1986: 55]
Fore	t	r̴l	V_V	tɨkɨt-iŋkat → tɨkɨriŋkat			[Foley 1986: 55]
Fuyug	k	kʰ	_#	jak → jakʰ	return		[Bradshaw 2007: 16]
Fuyug	k	kʰ	_i	oki → okʰi	fire		[Bradshaw 2007: 16]
Fuyug	p	pʰ	_i	aputi → a'putʰi	man's name		[Bradshaw 2007: 16]
Fuyug	p	pʰ	_#	kapap → kapapʰ			[Bradshaw 2007]
Fuyug	t	tʰ	_#	kapap → ka'papʰ	lame		[Bradshaw 2007: 16]
Fuyug	t	tʰ	_i	fidanti → fidantʰi	quickly		[Bradshaw 2007: 16]
Galo	Ø	ʔ	#_V	aɨː-ɡə → ʔaɨː-ɡə	self-gen		[Post 2007: 124-203]
Galo	Ø	ɰ	ɨ_V	aɨ̂=əː → ʔaɨːəɰ	self-top		[Post 2007: 124-203]
Galo	Ø	w	[+round]_V	aú=əː → ʔauwə	spicy=cop.ipfv		[Post 2007: 124-203]
Galo	Ø	ʔ	#_V	aɨː-ɡə → ʔaɨː-ɡə	self-gen		[Post 2007: 124-203]
Galo	Ø	ɰ	ɨ_V	aɨ̂=əː → ʔaɨːəɰ	self-top		[Post 2007: 124-203]
Galo	Ø	w	[+round]_V	aú=əː → ʔauwə	spicy=cop.ipfv		[Post 2007: 124-203]
Galo	K	n	_n	tɕíK-nam → tɕinnám	thing-nzr:rls		[Post 2007: 124-203]
Galo	K	ɡ	V_V	tɕíK-ùp-nam → tɕiɡûbnam	thing-shatter_result-nzr:rls		[Post 2007: 124-203]
Galo	K	n	_n	tɕíK-nam → tɕinnám	thing-nzr:rls		[Post 2007: 124-203]
Galo	K	ɡ	V_V	tɕíK-ùp-nam → tɕiɡûbnam	thing-shatter_result-nzr:rls		[Post 2007: 124-203]
Galo	k 	ɡ	_[+voice]	lák-bə̀k → laɡbə̀k	hand/arm-right		[Post 2007: 124-203]
Galo	k 	ɡ	_[+voice]	lák-bə̀k → laɡbə̀k	hand/arm-right		[Post 2007: 124-203]
Galo	m	ŋ	_k	ɲóm-káː → ɲóŋkaː́	swallow-pf		[Post 2007: 124-203]
Galo	m	ŋ	_k	ɲóm-káː → ɲóŋkaː́	swallow-pf		[Post 2007: 124-203]
Galo	n	m	_p	ín-pɨ̀ː → ʔîmpɨ̀	go-reach		[Post 2007: 124-203]
Galo	n	m	_p	ín-pɨ̀ː → ʔîmpɨ̀	go-reach		[Post 2007: 124-203]
Galo	p	b	_[+voice]	záp-dùː → zabdù	talk-ipfv		[Post 2007: 124-203]
Galo	p	b	_[+voice]	záp-dùː → zabdù	talk-ipfv		[Post 2007: 124-203]
Golin	n	ŋ	_ɡ	sun-ɡwe → suŋɡwe	he hits		[Evans et al 2005: 4]
Hungarian	b	bb	_al	rab → rabbal			[Kenesei 1998: 437]
Hungarian	b	bb	_á	rab → rabá			[Kenesei 1998: 437]
Hungarian	b	p	_C[-voice]				[Rounds 2001: 6]
Hungarian	c	cc	_el	ketrec → ketreccel			[Kenesei 1998: 437]
Hungarian	c	cc	_é	ketrec → ketreccé			[Kenesei 1998: 437]
Hungarian	d	dd	_al	caslád → casláddal			[Kenesei 1998: 437]
Hungarian	d	dd	_á	caslád → casláddá			[Kenesei 1998: 437]
Hungarian	d	t	_C[-voice]				[Rounds 2001: 6]
Hungarian	f	ff	_al	ɡróf → ɡróffal			[Kenesei 1998: 437]
Hungarian	f	ff	_á	ɡróf → ɡróffá			[Kenesei 1998: 437]
Hungarian	f	v	_C[+voice]				[Rounds 2001: 6]
Hungarian	ɡ	ɡɡ	_yal	aɡy → aɡɡyal			[Kenesei 1998: 437]
Hungarian	ɡ	ɡɡ	_yá	aɡy → aɡɡyá			[Kenesei 1998: 437]
Hungarian	ɡ	k	_C[-voice]				[Rounds 2001: 6]
Hungarian	h	hh	_al	sah → sahhal			[Kenesei 1998: 437]
Hungarian	h	hh	_á	sah → sahhá			[Kenesei 1998: 437]
Hungarian	j	jj	_al	baj → bajjal			[Kenesei 1998: 437]
Hungarian	j	jj	_á	baj → bajjá			[Kenesei 1998: 437]
Hungarian	k	ɡ	_C[+voice]				[Rounds 2001: 6]
Hungarian	l	ll	_el	fél → féllel			[Kenesei 1998: 437]
Hungarian	l	ll	_é	fél → féllé			[Kenesei 1998: 437]
Hungarian	m	mm	_el	 → 			[Kenesei 1998: 437]
Hungarian	m	mm	_é	 → 			[Kenesei 1998: 437]
Hungarian	n	nn	_el	 → 			[Kenesei 1998: 437]
Hungarian	n	nn	_é	 → 			[Kenesei 1998: 437]
Hungarian	p	pp	_al	kalap → kalappal			[Kenesei 1998: 437]
Hungarian	p	pp	_á	kalap → kalappá			[Kenesei 1998: 437]
Hungarian	p	b	_C[+voice]				[Rounds 2001: 6]
Hungarian	r	rr	_al	por → porral			[Kenesei 1998: 437]
Hungarian	r	rr	_á	por → porrá			[Kenesei 1998: 437]
Hungarian	s	z	_C[+voice]				[Rounds 2001: 6]
Hungarian	t	tt	_el	kert → kerttel			[Kenesei 1998: 437]
Hungarian	t	tt	_é	kert → kertté			[Kenesei 1998: 437]
Hungarian	t	d	_C[+voice]				[Rounds 2001: 6]
Hungarian	v	vv	_el	őv → ővvel			[Kenesei 1998: 437]
Hungarian	v	vv	_é	őv → ővvé			[Kenesei 1998: 437]
Hungarian	v	f	_C[-voice]				[Rounds 2001: 6]
Hungarian	z	zz	_el	ɡriz → ɡrizzel			[Kenesei 1998: 437]
Hungarian	z	zz	_é	ɡriz → ɡrizzé			[Kenesei 1998: 437]
Hungarian	z	s	_C[-voice]				[Rounds 2001: 6]
Menya	q	ʁ	V_V				[Whitehead 2006: 8]
Kaki Ae	l	l̴d	#_	la.ɾɛ~da.ɾɛ~da.lɛ	sun		[Clifton: 34]
Kaki Ae	l	l̴r	V_V	a.ɾo~a.lo	head		[Clifton: 34]
Kaki Ae	β	b̴m	#_	βɛɾaʔa → be.ɾa.ʔa~me.ɾa.ʔa	skin		[Clifton: 35]
Kaki Ae	β	β̴v	V_V	ɛβɛɾa → ɛ.βɛ.ɾa~ɛ.vɛ.ɾa	dog		[Clifton: 35]
Kamula	l	n	[+nasal]_				[Routamaa 1994: 9]
Kamula	l	r	[+nasal]_				[Routamaa 1994: 9]
Kamula	l	ɾ̴l	V_V				[Routamaa 1994: 9]
Southern Khanty	ɣ	kk	_ə	juɣ → jukkən			[Filchenko 2007: 48]
Obdorsk Khanty	m	mm	V_V	jəm → jəmmət			[Gulya 1966: 30]
Obdorsk Khanty	mp	p	_#				[Redei 1965: 30]
Obdorsk Khanty	mp	p	_C				[Redei 1965: 30]
Obdorsk Khanty	nt	t	_#				[Redei 1965: 30]
Obdorsk Khanty	nt	t	_C				[Redei 1965: 30]
Obdorsk Khanty	ŋk	k	_#	jiŋka → jik			[Redei 1965: 30]
Obdorsk Khanty	ŋk	k	_C				[Redei 1965: 30]
Obdorsk Khanty	ŋx	ŋx	_#				[Redei 1965: 30]
Obdorsk Khanty	ŋx	ŋx	_C				[Redei 1965: 30]
Obdorsk Khanty	rt	r	_#				[Redei 1965: 30]
Obdorsk Khanty	rt	r	_C				[Redei 1965: 30]
Obdorsk Khanty	s	ss	V_V	əs → əssət			[Gulya 1966: 30]
Korowai	f	Ø	p_	belüp-fekho → belüpekho	underside-circum		[Van Enk, Vries 1997: 62]
Korowai	kh	ɡɡ	n_	dadun-kha → dadunɡɡa	bathe.inf-conn		[Van Enk, Vries 1997: 62]
Korowai	l	Ø	_d	alep-debüp → aledebüp	canoe-way		[Van Enk, Vries 1997: 62]
Korowai	l	Ø	_b	melil-bol → melibol	fire-hole		[Van Enk, Vries 1997: 62]
Korowai	l	Ø	_t	khonɡɡel-telo → khonɡɡetelo	big-be.3sg.real		[Van Enk, Vries 1997: 62]
Korowai	l	t	p_	dep-lemül → deptemül	cloud-smoke		[Van Enk, Vries 1997: 62]
Korowai	l	t	_l	lafol-lefül → lafotefül	seventh-day		[Van Enk, Vries 1997: 63]
Korowai	l	t	n_	men-lafol → mentafol	other.side-lower.arm		[Van Enk, Vries 1997: 64]
Korowai	m	Ø	p_	dup-mukh → dupukh	banana-leaf		[Van Enk, Vries 1997: 62]
Korowai	n	Ø	_m	men-main → memain	other.side-shoulder		[Van Enk, Vries 1997: 61]
Korowai	n	Ø	_w	men-wayo → mewayo	other.side-thumb		[Van Enk, Vries 1997: 61]
Korowai	n	Ø	_l	men-labul → melabul	other.side-upper.arm		[Van Enk, Vries 1997: 61]
Korowai	n	m	_b	men-bonɡɡup → membonɡɡup	other.side-elbow		[Van Enk, Vries 1997: 62]
Korowai	p	Ø	_l	pinɡɡup-lefül → pinɡɡulefül	third-day		[Van Enk, Vries 1997: 61]
Korowai	p	Ø	_t	ɡelip-top → ɡelitop	nose-hole		[Van Enk, Vries 1997: 62]
Korowai	p	Ø	_mb	mbolop-mbolop → mbolombolop	forefather-forefather		[Van Enk, Vries 1997: 62]
Korowai	p	f	V_V	wap-ekha → wafekha	that-tr-conn		[Van Enk, Vries 1997: 64]
Korowai	t	l	V_V	sakhu-tena → sakhulena	banana-little		[Van Enk, Vries 1997: 64]
Korowai	y	Ø	l_	Manɡɡel-yanop → Manɡɡelanop	Maggel-peopel		[Van Enk, Vries 1997: 62]
Korowai	y	Ø	p_	Lelep-yanop → Manɡɡelanop	Lelep-people		[Van Enk, Vries 1997: 62]
Kuot	k	γ	V_V	kakok → kaγok	snake		[Lindström 2002: 88]
Kuot	l	n	_#	ɡʊlʊp → ɡʊn	breadfruit		[Lindström 2002: 93]
Kuot	p	v~β	V_V	aia-p am → aiaβam~aiavam	grand.relation/forefather-nsg 3m.possII.3p		[Lindström 2002:89]
Kuot	t	r	#_	u-tie tinin → ʊrjerɪ'nɪn	3f-there dance.group		[Lindström 2002: 89]
I'saka	Ø	w	V_V	duɔ → nuwɔ	mouth		[Donohue, San Roque 2003: 25]
I'saka	b	m	[+nasal]_V	ba → ma	hot		[Donohue, San Roque 2003: 21]
I'saka	d	n	[+nasal]_V	sɔ dina → sɔ̃ nina	coconut 1sg.poss		[Donohue, San Roque 2003: 22]
I'saka	d	l	V_V	sudu → sulu	where		[Donohue, San Roque 2003: 22]
I'saka	d	l	p_	pdaj → plaj	bad		[Donohue, San Roque 2003: 22]
I'saka	k	ɣ	V_V	dakaj → daɣai	little		[Donohue, San Roque 2003: 20]
I'saka	p	β	V_V	dapi → naβi	knife		[Donohue, San Roque 2003: 19]
I'saka	s	z	V_V	d-asu → nazu	1sg-drink		[Donohue, San Roque 2003: 20]
I'saka	w	Ø	_C	d-ow-dow → nɔnow	1sg-eat-irr		[Donohue, San Roque 2003: 26]
Lower Grand Valley Dani	h	Ø	h_	pal-h-ho → paho			[Bromley, Myron 1925: 34]
Lower Grand Valley Dani	k	ʔ	_m				[Bromley, Myron 1925: 34]
Lower Grand Valley Dani	k	ʔ	_n	isak-no → isaʔno	steam-cook it later		[Bromley, Myron 1925: 34]
Lower Grand Valley Dani	k	ʔ	_l				[Bromley, Myron 1925: 34]
Lower Grand Valley Dani	l	Ø	l_	pal-la-ka → palaka	it got cut off		[Bromley, Myron 1925: 35]
Lower Grand Valley Dani	t	ʔ	_m				[Bromley, Myron 1925: 34]
Lower Grand Valley Dani	t	ʔ	_n	hakat-no → hakaʔno	fix it now		[Bromley, Myron 1925: 34]
Lower Grand Valley Dani	t	ʔ	_l				[Bromley, Myron 1925: 34]
Lower Grand Valley Dani	t	s	V_V	wet-ikin → wesikin	singular subject will come		[Bromley, Myron 1925: 34]
Ma Manda	b	b̴ᵐb	#_	bə.səm~ᵐbə.səm	spear		[Pennington 2013: 47]
Ma Manda	b	b̴β	V_V	qu.ɾi.βi~qu.ɾi.bi	navel		[Pennington 2013: 47]
Ma Manda	d	d̴d̪	V_V	sə.du.wəm~sə.d̪u.wəm	spider sp.		[Pennington 2013: 47]
Ma Manda	ɡ	ɡ̴ᵑɡ	#_	ɡə.mət̚~ ᵑɡə.mət̚	snake		[Pennington 2013: 47]
Ma Manda	ɡ	ɡ̴ɣ	V_V	lə.ɣə.man.dɨ~ lə.ɡə.man.dɨ	dream		[Pennington 2013: 47]
Ma Manda	l	l̴ɾ	V_V	mə.lom~mə.ɾom	owner		[Pennington 2013: 54]
Ma Manda	s	s̴ʃ̴h	V_V	i.ʃit~i.sit~i.hit	kunai grass		[Pennington 2013: 52]
Manambu	b	ᵐb	V_#V	ya:b → ya:ᵐb	road		[Aikhenvald 2008: 39]
Manambu	b	ᵐb	V_V	aᵐbawapʷi	headdress, hat		[Aikhenvald 2008: 39]
Manambu	k	ɡ	V_V	dək-ək → ⁿdəɡːək	3masc.sg-poss-dat		[Aikhenvald 2008: 38]
Manambu	p	ɸ	V_V	ap-ar → aɸar	bone-dir		[Aikhenvald 2008: 38]
Manambu	t	ɾ	V_V	kət-ək → kəɾək	like		[Aikhenvald 2008: 38]
Maybrat-Karon	m	ŋ		aya mkre → ajaŋkəre	truibutary		[Dol 1966: 25]
Mehweb	ħ	ʜ	...[+phar]	ħa-uˤrχ-ib → ʜaˤrχʷib	neg-m.stick.in:pfv-aor		[Moroz 2017]
Mehweb	ħ	ʜ	...[+phar]	ħa-uˤrχ-ib → ʜaˤrχʷib	neg-m.stick.in:pfv-aor		[Moroz 2017]
Mehweb	i	j	a_C	ħa-ih-ub → ħajhub	neg-throw:pfv-aor		[Moroz 2017]
Mehweb	i	j	a_C	ħa-ih-ub → ħajhub	neg-throw:pfv-aor		[Moroz 2017]
Mehweb	k'	k'ʷ	[+round]_	ħa-ubk’-an → ħabk’ʷan	neg-m.die:ipfv-hab		[Moroz 2017]
Mehweb	k'	k'ʷ	[+round]_	ħa-ubk’-an → ħabk’ʷan	neg-m.die:ipfv-hab		[Moroz 2017]
Mehweb	ll	w	u_	xunul-la → xunuwa	female-gen		[Moroz 2017]
Mehweb	ll	jj		qarč’́ala-la → qarč’ajja	shoulder-gen		[Moroz 2017]
Mehweb	ll	w	u_	xunul-la → xunuwa	female-gen		[Moroz 2017]
Mehweb	ll	jj		qarč’́ala-la → qarč’ajja	shoulder-gen		[Moroz 2017]
Mehweb	nl	jj		huni-li-ze → hujze	road-obl-inter[lat.sg]		[Moroz 2017]
Mehweb	nl	jj		huni-li-ze → hujze	road-obl-inter[lat.sg]		[Moroz 2017]
Mehweb	r	n	n_	aħin-ra → aħinna	cop:neg-1/2		[Moroz 2017]
Mehweb	r	l	l_	t’ul-ra → t’ulla	finger-add		[Moroz 2017]
Mehweb	r	l	_l	qar-li-ze → qallize	sheepskin.coat-obl-inter[lat.sg]		[Moroz 2017]
Mehweb	r	l	_Vl	batari-la → batalla	wing-gen		[Moroz 2017]
Mehweb	r	n	n_	aħin-ra → aħinna	cop:neg-1/2		[Moroz 2017]
Mehweb	r	l	l_	t’ul-ra → t’ulla	finger-add		[Moroz 2017]
Mehweb	r	l	_l	qar-li-ze → qallize	sheepskin.coat-obl-inter[lat.sg]		[Moroz 2017]
Mehweb	r	l	_Vl	batari-la → batalla	wing-gen		[Moroz 2017]
Mehweb	u	w	a_C	ħa-uc-ib → ħawcib	neg-m.catch:pfv-aor		[Moroz 2017]
Mehweb	u	w	a_C	ħa-uc-ib → ħawcib	neg-m.catch:pfv-aor		[Moroz 2017]
Mehweb	z	zʷ	[+round]_	ħa-urz-an → ħarzʷan	neg-m.praise:ipfv-aor		[Moroz 2017]
Mehweb	z	zʷ	[+round]_	ħa-urz-an → ħarzʷan	neg-m.praise:ipfv-aor		[Moroz 2017]
Mehweb	ʔ	ʡ	...[+phar]	ʔar-d-aˤq'-un → ʡaˤr-d-aˤq'-un	away-f-go.pfv-aor		[Moroz 2017]
Mehweb	ʔ	Ø	#_	ʔar-b-uχ-ib → ar-b-uχ-ib	away-n-take.pfv-aor		[Moroz 2017]
Mehweb	ʔ	ʡ	...[+phar]	ʔar-d-aˤq'-un → ʡaˤr-d-aˤq'-un	away-f-go.pfv-aor		[Moroz 2017]
Mehweb	ʔ	Ø	#_	ʔar-b-uχ-ib → ar-b-uχ-ib	away-n-take.pfv-aor		[Moroz 2017]
Mehweb	χ	χʷ	[+round]_	ħa-uˤrχ-ib → ʜaˤrχʷib	neg-m.stick.in:pfv-aor		[Moroz 2017]
Mehweb	χ	χʷ	[+round]_	ħa-uˤrχ-ib → ʜaˤrχʷib	neg-m.stick.in:pfv-aor		[Moroz 2017]
Menya	q	ɣ	V_V				[Whitehead 2006: 8]
Menya	t̪	ɾ	V_V				[Whitehead 2006: 8]
Menya	t̪	l	V_V				[Whitehead 2006: 8]
Mian	b	pʰ~p̚	_#	ⁿdɛib → ⁿdɛipʰ	path		[Fedden 2007: 43]
Mian	b	ᵐb	#_	bǎˁːpʰ → ᵐbǎˁːpʰ	aunt		[Fedden 2007: 44]
Mian	b	β	V_V	ᵐbuβiβɛ	I am planting		[Fedden 2007: 44]
Mian	ɡ	ᵑɡ	#_	ɡatambobe → ᵑɡatʰamboβɛ	I am sick		[Fedden 2007: 44]
Mian	k	kʰ	_V	skɛim → skʰɛim	far		[Fedden 2007: 43]
Mian	k	kʰ~k̚	_#	hɛkʰ~hɛk̚	older brother		[Fedden 2007: 43]
Mian	k	qʰ	_aˁ	kaˁwa → qʰaˁwa	steel axe		[Fedden 2007: 43]
Mian	k	x~ɣ	V_V	naka → naxa	man		[Fedden 2007: 44]
Mian	l	ⁿd	#_	liŋdaŋ → ⁿdiŋdaŋ	thin		[Fedden 2007: 39]
Mian	l	d		ᴸaˁn-lal → aˁndal	river bank		[Fedden 2007: 39]
Mian	t	tʰ	_V	taŋ → tʰaŋ	smell		[Fedden 2007: 43]
Mian	t	tʰ~t̚	_#	ⁿdotʰ~ⁿdot̚	very		[Fedden 2007: 43]
Moni	ɡ	kʰ	#_	kiki → kʰiɡi	cowrie shell, money		[Larson, Larson: 409]
Moni	ɡ	ɡʸ	ai_	aika → əiɡʸa	sky, heavens		[Larson, Larson: 409]
Moni	kʰ	kʷʰ	[+round]_	zu ka → zu kʷʰa	this boy		[Larson, Larson: 410]
Moni	n	nʸ	ai_	mai nuva → məi nʸuwa	to intend to aet the ground as a pig		[Larson, Larson: 410]
Moni	nɡ	nɡʸ	ai_	hainɡa → həiŋɡʸa	thought, perf.action		[Larson, Larson: 410]
Moni	nɡ	nɡʷ	[+round]_	du nɡaka → du ᵑɡʷaɡa	in the water		[Larson, Larson: 411]
Namia	Ø	w	V_V	p-o-e → powe	pf-do-pr		[Feldpausch 1992: 15]
Namia	w	Ø	e_	a-le-wapli → aleapli	imp-go-2d		[Feldpausch 1992: 14]
Namia	w	jw	i_	kanaki-wam → kanakijwam	stand-2pl		[Feldpausch 1992: 15]
Kwomtari	Ø	w	V_V	ɭu-ɛ → ɭu.wɛ	sleep		[Housberger 2008: 37]
Kwomtari	b	ᵐb	_#[+nasal]	kuɔnɛbɭu → kʷɔ.nɛ.ᵐbɭu	white		[Housberger 2008: 38]
Kwomtari	bu	bʷ	_V	buaɭi → bʷaɭi	shell ring money		[Housberger 2008: 36]
Kwomtari	ɡ	nɡ	_#[+nasal]	naɡɭi → nɐ.ŋɡɭi	vein		[Housberger 2008: 38]
Kwomtari	ɡ	ᵑɡ	_#β/ɭ	muaɡiɸɛ → mʷɐ.ᵑɡi.βɛ	type of arrow		[Housberger 2008: 36]
Kwomtari	ɡu	ɡʷ	_V	ɡuaiɛ → ɡʷɐi.jɛ	cassowary		[Housberger 2008: 36]
Kwomtari	ku	kʷ	_V	takuɔni → tɐ.kʷɔ.ni	floor		[Housberger 2008: 36]
Kwomtari	m	mʷ	_V	muamɔɭɛ → mʷɐ.mɔ.ɭɛ	one		[Housberger 2008: 36]
Kwomtari	ɸ	β	V_V	tiaɸui → ti.jɐ.βʷi	snake		[Housberger 2008: 36]
Kwomtari	ɸ	ɸʷ	_V	ɸui → ɸʷi	coconut		[Housberger 2008: 38]
Sentani	d	l	V_V	ambu-do → ambulo	dead man's body		[Cowan 1965: 6]
Sentani	h	s	i_#	iham → isam	anger		[Cowan 1965: 6]
Sentani	h	s	n_#	hin-hon → honsom	burn		[Cowan 1965: 6]
Sentani	h	f	w_	kɛw-hike → kɛwfiki	throw away-aorist.3sg		[Cowan 1965: 7]
Sentani	j	ɡ̌	j_/i_/ij_	awəjjajde → awəjɡ̌ajde	they are rowing all the time		[Cowan 1965: 8]
Sentani	m	n	_n	əm no → ən no	banana-treetrunk		[Cowan 1965: 7]
Skou	b	β	V_V	tɛbapubi → tɛβapubi	Skou Sai		[Donohue 2003:35]
Skou	l	l̃ 	[+nasal]_	kɔ̃l̃ɔ	underneath		[Donohue 2003:37]
Skou	p	pʷ	_i / _ɛ / _a	lɔpa → lɔpʷa	earlier		[Donohue 2003:34]
Skou	t	t~s	V_V	nati~nasi	new		[Donohue 2003:36]
Skou	t	t~tʷ	[-round]_u	balɛ̃tʷũ~balɛ̃tũ	demon		[Donohue 2003:36]
Oksapmin	k	k~kʰ	_#	kak~kakʰ	head		[Loughnane 2009: 40]
Oksapmin	ᵐb	m	_#	əᵐbul-tu-l → əmtul	get-pfv-per.yestp		[Loughnane 2009: 36]
Oksapmin	ⁿd	d	_#	wəⁿd-pat → wənpat	go.down-ipfv.sg(.prs)		[Loughnane 2009: 38]
Oksapmin	ŋɡ	ŋ	_#	nəᵑɡmd → nəŋmən	same sex siblings pair		[Loughnane 2009: 38]
Oksapmin	ɸ	β	V_V	ᵐboɸol → mboβol	heart		[Loughnane 2009: 41]
Oksapmin	ɸ	p	_#	təɸⁿda → təpnda	same		[Loughnane 2009: 41]
Oksapmin	ɸ	p~pɸ~pʰ	_##	aɸ → ap~apɸ~apʰ	house		[Loughnane 2009: 41]
Oksapmin	s	z	V_V	ɸasel → ɸazel	old		[Loughnane 2009: 42]
Oksapmin	t	t~tʰ	_#	kut~tutʰ	tomorrow		[Loughnane 2009: 39]
Oksapmin	x	ç	#_i	xim → çim	skin, clothes		[Loughnane 2009: 42]
Oksapmin	x	ç	#_j	xjos-çios	rub		[Loughnane 2009: 42]
Oksapmin	x	ç	i_#	lix → liç	skin		[Loughnane 2009: 42]
Oksapmin	x	ʝ	i_V	tixe → tiʝe	sick		[Loughnane 2009: 42]
Uruava	d	r	V_V	na-dome → narome	the ear(das eine Ohr)		[Rausch: 107]
Sulka	l	n	_V[+nasal]	tleŋ~tenŋol	mushroom(s)		[Reesink: 151]
Sulka	p	β	_V	pasŋeek → βasŋeek	stringbag(s)		[Reesink: 151]
Sulka	p	β	_r	prik → βrik	belly(s)		[Reesink: 151]
Tauya	Ø	n	_ɡ	fereɡariya → ferenɡariya	mother-of-pearl		[MacDonald 1990: 22]
Tauya	Ø	n	_b	abo → ambo	namesake		[MacDonald 1990: 22]
Tauya	k	ɡ	V_V	ferekariya → fereɡariya	mother-of-pearl		[MacDonald 1990: 22]
Wambon	Ø	n	V_V	na-ap → nanap			[Vries, Vries-Wiersma 1992: 8-9]
Wambon	mb	Ø	p_	kop-mbo → kopo			[Vries, Vries-Wiersma 1992: 8-9]
Wambon	n	Ø	_m	enen-mokknde → enemokonde			[Vries, Vries-Wiersma 1992: 8-9]
Wambon	nd	Ø	t_	sit-nde → site			[Vries, Vries-Wiersma 1992: 8-9]
Warembori	b	β	CV_VC	e-bodo-ro → eβoro.ro	1sg-tongue-ind		[Donohue 1999: 6]
Warembori	d	r	CV_VC	dodo-dan-ro → dororanro	rain-water-ind		[Donohue 1999: 6]
Warembori	k	ŋɡ	[+nasal]_	waren-kain-du → warɛŋɡaindu	river-dual-?		[Donohue 1999: 7]
Warembori	n	m	_b	waren-bo-ro → warembo.ro	river-mouth-ind		[Donohue 1999: 6]
Warembori	n	Ø	_m	on-min-do → omindo	snake-meat-ind		[Donohue 1999: 7]
Votic	tʃ	Ø	_ed	væči → væed			[Agranat 2007: 45]
Votic	tsts	ts	_ad	õcca → õcad			[Agranat 2007: 45]
Votic	tʃtʃ	tʃ	_ææ	pitʃtʃæ → pitʃææ			[Agranat 2007: 45]
Votic	ht	h	_od	lehto → lehod			[Agranat 2007: 44]
Votic	ht	h	_on	tahtoa → tahon			[Agranat 2007: 44]
Votic	m	n	_t	lumi → lunt			[Agranat 2007: 47]
Votic	n	ŋ	_ɡ				[Agranat 2007: 47]
Votic	n	ŋ	_k				[Agranat 2007: 47]
Votic	ss	s	_un	issua → isun			[Agranat 2007: 44]
Votic	ʃʃ	ʃ	_id	kariuʃʃi → kariusid			[Agranat 2007: 44]
Votic	t	s	_s				[Agranat 2007: 47]
Bandi	p	v	#_	ni pɛIɛ → ni vɛlɛ	my house	doesn't apply after ŋ#_ 	[Grossmann, Rebecca Suzanne: 1992:10]
Bandi	s	h	#_	taa su → taa hu	town insides	doesn't apply after ŋ#_ 	[Grossmann, Rebecca Suzanne: 1992:10]
Bandi	k	ɡ	#_	sijɛndopo kulo-I → sijɛndopo ɡulo-i	man small-the	doesn't apply after ŋ#_ 	[Grossmann, Rebecca Suzanne: 1992:10]
Bandi	nd	l	#_	nɡi ndi-nɡo → nɡi lii-nɡo	I go-ptpst	doesn't apply after ŋ#_ 	[Grossmann, Rebecca Suzanne: 1992:10]
Bandi	m	w	#_	mboolonɡi maaɣɛ →  waaɣɛ mboolonɡi	bitterball sell	doesn't apply after ŋ#_ 	[Grossmann, Rebecca Suzanne: 1992:10]
Bandi	t	l	#_			doesn't apply after ŋ#_ 	[Grossmann, Rebecca Suzanne: 1992:11]
Bandi	k	ɣ	#_			doesn't apply after ŋ#_ 	[Grossmann, Rebecca Suzanne: 1992:11]
Bandi	k	w	#_			doesn't apply after ŋ#_ 	[Grossmann, Rebecca Suzanne: 1992:11]
Bandi	kp	b	#_			doesn't apply after ŋ#_ 	[Grossmann, Rebecca Suzanne: 1992:11]
Bandi	f	h	#_			doesn't apply after ŋ#_ 	[Grossmann, Rebecca Suzanne: 1992:11]
Bandi	s	h	#_			doesn't apply after ŋ#_ 	[Grossmann, Rebecca Suzanne: 1992:11]
Bandi	mb	j	#_			doesn't apply after ŋ#_ 	[Grossmann, Rebecca Suzanne: 1992:11]
Bandi	mb	w	#_			doesn't apply after ŋ#_ 	[Grossmann, Rebecca Suzanne: 1992:11]
Bandi	nj	j	#_			doesn't apply after ŋ#_ 	[Grossmann, Rebecca Suzanne: 1992:11]
Bandi	nɡ	j	#_			doesn't apply after ŋ#_ 	[Grossmann, Rebecca Suzanne: 1992:11]
Bandi	nɡ	w	#_			doesn't apply after ŋ#_ 	[Grossmann, Rebecca Suzanne: 1992:11]
Bandi	m	j	#_			doesn't apply after ŋ#_ 	[Grossmann, Rebecca Suzanne: 1992:11]
Bandi	nj	j	#_			doesn't apply after ŋ#_ 	[Grossmann, Rebecca Suzanne: 1992:11]
Beng	l	n	ŋ_	"ŋ lá ̄ →  n̄ ná  

"	poss.1sg medicine	optional at word boundaries	[D.Paperno 2014:22]
Beng	nn	n	_#	ɡɛŋ̄-l̄ɛ →  ɡɛn̄n̄ɛ → ɡɛn̄ɛ	beautiful-nom	optional	[D.Paperno 2014:22]
Beng	w	Ø	ŋ#_	klɛŋ́ wó wē → klɛŋ́ ó ́ ē	forest in there		[D.Paperno 2014:22]
Beng	w	Ø	V#_	klɛŋ́ wó wē → klɛŋ́ ó ́ ē	forest in there		[D.Paperno 2014:22]
Beng	d	Ø	ŋ|_	 lēŋ̄ + drɛ̄  → lēnrɛ ̄	woman + new  → bride		[D.Paperno 2014:23]
Beng	ŋ	Ø	ŋ|_	bàŋ̀ + ŋlṵ̄ → bàŋlṵ̄	shoulder + head → shoulder joint		[D.Paperno 2014:23]
Beng	l	Ø	ŋ|_				[D.Paperno 2014:23]
Beng	w	Ø	ŋ|_				[D.Paperno 2014:23]
Beng	b	Ø	ŋ|_			lexical-specific	[D.Paperno 2014:23]
Beng	p	Ø	ŋ|_			lexical-specific	[D.Paperno 2014:23]
Beng	d	Ø	ŋ|_			lexical-specific	[D.Paperno 2014:23]
Beng	t	Ø	ŋ|_			lexical-specific	[D.Paperno 2014:23]
Beng	dʒ	Ø	ŋ|_			lexical-specific	[D.Paperno 2014:23]
Beng	ts	Ø	ŋ|_			lexical-specific	[D.Paperno 2014:23]
Beng	ɡ	Ø	ŋ|_			lexical-specific	[D.Paperno 2014:23]
Beng	k	Ø	ŋ|_			lexical-specific	[D.Paperno 2014:23]
Beng	ɡb	Ø	ŋ|_			lexical-specific	[D.Paperno 2014:23]
Beng	ɡk	Ø	ŋ|_			lexical-specific	[D.Paperno 2014:23]
Beng	j	Ø	ŋ|_			lexical-specific	[D.Paperno 2014:23]
Beng	l	Ø	_ɛ	mi-l̰̄ɛló̀ → miɛ̰̄ló̰̀	drink.PROG		[D.Paperno 2014:23]
Chukchi	p	m	_m	nə-ɣəttep-muri→nə-ɣəttem-muri	HAB-conscious-2SG		[Skorik 1961: 43]
Chukchi	p	m	_n	jəp-nen→jəm-nen	put.on-3G.A.3SG.O		[Skorik 1961: 43]
Chukchi	p	m	_ŋ	ɣa-pnəɬo-ɬen→ɣa-mnəɬo-ɬen	PF-спросить-PF.3G		[Skorik 1961: 43]
Chukchi	t	n	_m	jaɬɣət-ma→jaɬɣən-ma	nomadize-SIM		[Skorik 1961: 44]
Chukchi	t	n	_n	ejmit-nin→ejmin-nin	take-3G.A.3SG.P		[Skorik 1961: 44]
Chukchi	t	n	_ŋ				[Skorik 1961: 44]
Chukchi	k	ŋ	_ŋ	te-pɬek-ŋə-k→te-pɬeŋ-ŋə-k	MAKE-shoes-MAKE-INF		[Skorik 1961: 44]
Chukchi	t	Ø	#_w	twa-k→wa-k	stay-INF	lexical-specific	[Muravyova et al. 2001: 300]
Chukchi	t	Ø	#_k	tkur-ək→kur-ək	buy-INF	lexical-specific	[Muravyova et al. 2001: 300]
Chukchi	t	Ø	#_p			lexical-specific	[Muravyova et al. 2001: 300]
Chukchi	t	Ø	#_q			lexical-specific	[Muravyova et al. 2001: 300]
Chukchi	t	Ø	#_ɣ			lexical-specific	[Muravyova et al. 2001: 300]
Chukchi	t	Ø	#_ŋ			lexical-specific	[Muravyova et al. 2001: 300]
Chukchi	ɬ	Ø	#_p	ɬpəno-k→pəno-k	suck-INF	lexical-specific	[Muravyova et al. 2001: 300]
Chukchi	ɬ	Ø	#_w			lexical-specific	[Muravyova et al. 2001: 300]
Chukchi	ɬ	Ø	#_k			lexical-specific	[Muravyova et al. 2001: 300]
Chukchi	ɬ	Ø	#_q	ɬqut-ək→qut-ək	stand.up-INF	lexical-specific	[Muravyova et al. 2001: 300]
Chukchi	ɬ	Ø	#_ɣ			lexical-specific	[Muravyova et al. 2001: 300]
Chukchi	ɬ	Ø	#_ŋ			lexical-specific	[Muravyova et al. 2001: 300]
Chukchi	r	Ø	#_w	rkəɬaw-ək→kəɬaw-ək	run-INF	lexical-specific	[Muravyova et al. 2001: 300]
Chukchi	r	Ø	#_k			lexical-specific	[Muravyova et al. 2001: 300]
Chukchi	r	Ø	#_p			lexical-specific	[Muravyova et al. 2001: 300]
Chukchi	r	Ø	#_q			lexical-specific	[Muravyova et al. 2001: 300]
Chukchi	r	Ø	#_ɣ			lexical-specific	[Muravyova et al. 2001: 300]
Chukchi	r	Ø	#_ŋ			lexical-specific	[Muravyova et al. 2001: 300]
Chukchi	n	Ø	#_w			lexical-specific	[Muravyova et al. 2001: 300]
Chukchi	n	Ø	#_k			lexical-specific	[Muravyova et al. 2001: 300]
Chukchi	n	Ø	#_p			lexical-specific	[Muravyova et al. 2001: 300]
Chukchi	n	Ø	#_q			lexical-specific	[Muravyova et al. 2001: 300]
Chukchi	n	Ø	#_ɣ	nɣinə-nɣin→ɣinə-nɣin	net-RDP	lexical-specific	[Muravyova et al. 2001: 300]
Chukchi	n	Ø	#_ŋ			lexical-specific	[Muravyova et al. 2001: 300]
Chukchi	w	Ø	V_V	ŋew-ekək→ŋeekək	woman-son	lexical-specific, optional	[Muravyova et al. 2001: 300-301]
Chukchi	j	Ø	V_V	jiɬə-jiɬ→jiɬə-iɬ→jiɬi-iɬ	rain-RDP	lexical-specific, optional	[Muravyova et al. 2001: 300-301]
Chukchi	ɣ	Ø	V_V	ɣa-ɣaɬa-ɬen→ɣa-aɬa-ɬen→ɣa-ɬa-ɬen	PF-pass.by-PF.RSG	lexical-specific, optional	[Muravyova et al. 2001: 300-301]
Chukchi	r	Ø	V_V	qərir-ək→qəri-k	look.for-INF	lexical-specific, optional	[Muravyova et al. 2001: 300-301]
Chukchi	q	ʔ	V_|	roqra-t→roʔra-t→rʔora-t	gadfly-PL	not before /q/ or /ʔ/	[Muravyova et al. 2001: 302]
Chukchi	Vʔ	ʔV	_|	roqra-t→roʔra-t→rʔora-t	gadfly-PL		[Muravyova et al. 2001: 303]
Chukchi	əj	i	_|	mikə-jɣəm→mik-iɣəm	who-1SG	stem-final	[Muravyova et al. 2001: 303]
Chukchi	əw	u	_|				[Muravyova et al. 2001: 303]
Chukchi	k	w	_p				[Muravyova et al. 2001: 303-304]
Chukchi	ɣ	w	_p	ətɬəɣ-pojɣ-ən→ətɬəw-pojɣ-ən	father-spear-NOM.SG		[Muravyova et al. 2001: 303-304]
Chukchi	k	w	_m	aatsek-mataɬ-ən→aatsew-mataɬ-ən	guy-father.in.low-NOM.SG		[Muravyova et al. 2001: 303-304]
Chukchi	ɣ	w	_m				[Muravyova et al. 2001: 303-304]
Chukchi	ɣ	ŋ	_ŋ	ɬeɣ-ŋəto-k→ɬeŋ-ŋəto-k	egg-exit-INF		[Muravyova et al. 2001: 303-304]
Chukchi	ɣ	w	_w	ɣa-ɣwa-ɬen→ɣa-wwa-ɬen	PF-stuk-PF.3SG		[Muravyova et al. 2001: 304]
Chukchi	w	k	_w	ɣa-wwa-ɬen→ɣa-kwa-ɬen	PF-stuk-PF.3SG		[Muravyova et al. 2001: 304]
Chukchi	k	q	_q	ɣənnik-qej→ɣənniq-qej	animal-DIM		[Muravyova et al. 2001: 304]
Chukchi	ts	t	_t	mats-totʔetə→mat-totetə	APPR-silly		[Muravyova et al. 2001: 304]
Chukchi	ts	ɬ	_ɬ	ɣ-ots-ɬen→ɣ-oɬ-ɬen	PF-answer.with.snarl-PF.3SG		[Muravyova et al. 2001: 304]
Chukchi	ts	r	_r	mats-raəŋkə→mar-raaŋkə→mat-raəŋkə	APPR-farther		[Muravyova et al. 2001: 304]
Chukchi	ɬ	t	_ɬ	ɣ-oɬ-ɬen→ɣ-ot-ɬen	PF-answer.with.snarl-PF.3SG		[Muravyova et al. 2001: 304]
Chukchi	r	t	_r	mats-raəŋkə→mar-raəŋkə→mat-raəŋkə	APPR-farther		[Muravyova et al. 2001: 304]
Chukchi	ɬ	r	_r	ɣərɣoɬ-ramk-ən→ɣərɣor-ramk-ən→ɣərɣot-ramk-ən	up-people-NOM.SG		[Muravyova et al. 2001: 304]
Chukchi	r	t	_t	pəkir-tək→pəkit-tək	arrive-2SG		[Muravyova et al. 2001: 304]
Chukchi	r	ts	_ts				[Muravyova et al. 2001: 304]
Chukchi	r	ɬ	_ɬ				[Muravyova et al. 2001: 304]
Chukchi	r	n	_n	tur-neɬɣ-ən→tun-neɬɣ-ən	new-fell-NOM.SG		[Muravyova et al. 2001: 304]
Chukchi	ŋ	m	_p	taŋ-per-ək→tam-per-ək	good-look-INF		[Muravyova et al. 2001: 304]
Chukchi	ŋ	m	_w	taŋ-wane-ɣərɣ-ən→tam-wane-ɣərɣ-ən	good-work-NMLZ-NOM.SG		[Muravyova et al. 2001: 304-305]
Chukchi	ŋ	n	_t	ɣa-ŋto-ɬen→ɣa-nto-ɬen	PF-exit-PF.3Sg		[Muravyova et al. 2001: 304-305]
Chukchi	ŋ	n	_ts	taŋ-tsottsot→tan-tsottsot	good-pillow-RDP		[Muravyova et al. 2001: 304-305]
Chukchi	ŋ	n	_ɬ	ɣe-ɬiŋ-ɬin→ɣe-ɬin-ɬin	PRED.POSS-pillow-PRED.POSS		[Muravyova et al. 2001: 304-305]
Chukchi	ŋ	n	_r	teɬeŋ-remk-ən→teɬen-remk-ən			[Muravyova et al. 2001: 304-305]
Chukchi	ŋ	n	_j				[Muravyova et al. 2001: 304-305]
Chukchi	ts	t	_ts	mets-tsəmtsə→met-tsəmtsə	APPR-near		[Muravyova et al. 2001: 305]
Chukchi	r	t	_j				[Muravyova et al. 2001: 305]
Chukchi	k	ɣ	_t	nə-ktə-qin→nə-ɣtə-kin	HAB-hard-3SG		[Muravyova et al. 2001: 305]
Chukchi	k	ɣ	_ɬ	mək-ɬiɣɬiɣ→məɣ-ɬiɣɬiɣ	INTS-egg		[Muravyova et al. 2001: 305]
Chukchi	k	ɣ	_n	mək-nennet→məɣ-nennet	INTS-otter		[Muravyova et al. 2001: 305]
Chukchi	k	ɣ	_r	mək-ramk-ən→məɣ-ramk-ən	INTS-people-NOM.SG		[Muravyova et al. 2001: 305]
Chukchi	j	ɣ	_t	ŋinqej-ti→ŋinqeɣ-ti	boy-PL		[Muravyova et al. 2001: 305]
Chukchi	j	ɣ	_ts				[Muravyova et al. 2001: 305]
Chukchi	j	ɣ	_ɬ	wʔaj-ɬəŋən→wʔaɣ-ɬəŋən	grass-piece		[Muravyova et al. 2001: 305]
Chukchi	j	ɣ	_n	maj-nə→maɣ-nə	store-PLACE		[Muravyova et al. 2001: 305]
Chukchi	j	ɣ	_r	wʔaj-ra-n→wʔaɣ-ra-n	grass-house-NOM.SG		[Muravyova et al. 2001: 305]
Chukchi	ŋ	ɣ	_m	nə-ta-ra-ŋ-more→nə-ta-ra-ɣ-more	HAB-MAKE-house-MAKE-2PL		[Muravyova et al. 2001: 306]
Chukchi	ŋ	ɣ	_n	teɣeɬiŋ-nin→teɣeɬiɣ-nin	touch-3SG.A.3SG.P		[Muravyova et al. 2001: 306]
Chukchi	ŋ	ɣ	_ŋ	ra-taaŋ-ŋə-nen→ra-taaɣ-ŋə-nen	FUT-FUT-3SG.A.3SG.O		[Muravyova et al. 2001: 306]
Chukchi	ɣ	k	_ɣ	maneɣ-ɣəpə→manek-ɣəpə	cloth-ABL		[Muravyova et al. 2001: 306]
Koryak	Ø	ʔ	V_V	uttə-utt→uttəʔ-ut	stik-RED		[Kurebito M. 2004: 125]
Koryak	v	Ø	n_#	ajmənv→ajmən	ice.hole.ABS.SG	only in nominals absolutive singular	[Kurebito M. 2004: 129]
Koryak	t	Ø	#_ɣ	tɣəmat-ə-k→ɣəmat-ə-k	make.an.effort-E-INF	stem-initial, lexical-specific, before other consonants	[Kurebito M. 2004: 129]
Koryak	t	Ø	#_v	tva-k→va-kə	exist-INF	stem-initial, lexical-specific, before other consonants	[Kurebito M. 2004: 129]
Koryak	n	Ø	#_ɣ	nɣin-tku-k→ɣinə-tku-k	fish.with.a.net-ITER-INF	stem-initial, lexical-specific, before other consonants	[Kurebito M. 2004: 129]
Koryak	l	Ø	#_p	lpəlʲo-k→pəlʲo-k	suck-INF	stem-initial, lexical-specific, before other consonants	[Kurebito M. 2004: 129]
Koryak	l	Ø	#_q	lqut-ə-k→qut-ə-k	get.up-E-INF	stem-initial, lexical-specific, before other consonants	[Kurebito M. 2004: 129]
Koryak	tʃ	Ø	#_ʕ	tʃʕewenni-k→ʕewenni-k	sew-INF	stem-initial, lexical-specific, before other consonants	[Kurebito M. 2004: 130]
Koryak	ʝ	Ø	#_k	ʝkəpl-ə-k→kəpl-ə-k	hit-INF	stem-initial, lexical-specific, before other consonants	[Kurebito M. 2004: 130]
Koryak	t	tʲ	...tʲ				[Kurebito M. 2004: 130-131]
Koryak	t	tʲ	...nʲ				[Kurebito M. 2004: 130-131]
Koryak	t	tʲ	...lʲ	titi-pilʲ-Ø→tʲitʲi-pilʲ-Ø	needle-DIM-ABS.SG		[Kurebito M. 2004: 130-131]
Koryak	t	tʲ	...tʃ	t-tʃaj-pat-k-Ø→tʲ-ə-tʃaj-pat-ə-k-Ø	1SG.Subj-E-tea-boil-E-1SG.Subj-PST		[Kurebito M. 2004: 130-131]
Koryak	n	nʲ	...tʲ	t-ntʃimav-ə-n-Ø→tʲ-ə-nʲtʃimav-ə-n-Ø	1SG.Subj-E-break-E-3SG.O-PST		[Kurebito M. 2004: 130-131]
Koryak	n	nʲ	...nʲ				[Kurebito M. 2004: 130-131]
Koryak	n	nʲ	...lʲ				[Kurebito M. 2004: 130-131]
Koryak	n	nʲ	...tʃ	t-ntʃimav-ə-n-Ø→tʲ-ə-nʲtʃimav-ə-n-Ø	1SG.Subj-E-break-E-3SG.O-PST		[Kurebito M. 2004: 130-131]
Koryak	l	lʲ	...tʲ				[Kurebito M. 2004: 130-131]
Koryak	l	lʲ	...nʲ				[Kurebito M. 2004: 130-131]
Koryak	l	lʲ	...lʲ				[Kurebito M. 2004: 130-131]
Koryak	l	lʲ	...tʃ	ʝelku-tʃku-ʝtəŋ→ʝalʲko-tʃko-ʝtəŋ	house-INSIDE-ALL		[Kurebito M. 2004: 130-131]
Koryak	t	l	_l	ɣa-petat-lin→ɣa-petal-lin	PST-become.old-3SG.Subj		[Kurebito M. 2004: 132]
Koryak	t	n	_ŋ	ku-tinmet-ŋvo-Ø→ku-tinmen-ŋəvo-Ø	PRES-decieve-HAB-PRES-3SG.Subj		[Kurebito M. 2004: 132-133]
Koryak	t	n	_m	ɣe-lqut-muʝu→ɣe-lqut-muʝu	PST-get.up-1SG.Subj		[Kurebito M. 2004: 133]
Koryak	ʝ	l	_l	ɣe-ʝlɣal-lin→ɣa-lləɣal-len	PST-lie.down-3SG.Subj		[Kurebito M. 2004: 133]
Koryak	q	n	_ŋ	ku-ʝeq-ŋ-tək→ku-ʝən-ŋ-tək	PRES-do.what-PRES-E-2DU.Subj		[Kurebito M. 2004: 133]
Koryak	ʝʝ	tʃtʃ		qaʝ-ʝaʝol-Ø→qatʃ-tʃaʝol-Ø	DIM-fox-ABS.SG		[Kurebito M. 2004: 134-135]
Koryak	tʝ	tʃtʃ					[Kurebito M. 2004: 134-135]
Koryak	ʝt	tʃtʃ		ɣe-ʝt-lin→ɣe-tʃtʃ-lin	PST-make-E-3SG.Subj/3SG.Obj		[Kurebito M. 2004: 134-135]
Koryak	ʝʝ	nnʲ		ɣe-ʝʝiʝ-lin→ɣe-nnʲitʃ-lin	PST-send-3SG.Subj/3SG.Obj		[Kurebito M. 2004: 134-135]
Koryak	ʝ	lʲ	l_	til-ʝite→tilʲ-lʲite	wing-ADV		[Kurebito M. 2004: 136]
Koryak	n	lʲ	lʲ_				[Kurebito M. 2004: 136]
Koryak	ɣ	w	stem-initial	ɣe-ɣla-lin→ɣa-wla-len	PST-cancel-3SG.Subj	lexically-specific, verb stem initial	[Kurebito M. 2004: 137]
Koryak	n	ʝ	#_	np-k→ʝəp-ə-k	put-E-INF	mostly when causative prefix, 	[Kurebito M. 2004: 137]
Koryak	tʃ	ʝ	#_	tʃɣel-k→ʝəɣəl-ə-k	crawl.up-E-INF		[Kurebito M. 2004: 137]
Alutor	t	Ø	_v			lexical-specific, root-initial	[Kibrik, Kodzasov, Muravyova 2004:18]
Alutor	t	Ø	_w			lexical-specific, root-initial	[Kibrik, Kodzasov, Muravyova 2004:18]
Alutor	t	Ø	_ɣ			lexical-specific, root-initial	[Kibrik, Kodzasov, Muravyova 2004:18]
Alutor	t	Ø	_k	tkəpl-k→kəpə-k	beat-INF	lexical-specific, root-initial	[Kibrik, Kodzasov, Muravyova 2004:18]
Alutor	t	Ø	_q			lexical-specific, root-initial	[Kibrik, Kodzasov, Muravyova 2004:18]
Alutor	t	Ø	_ʔ			lexical-specific, root-initial	[Kibrik, Kodzasov, Muravyova 2004:18]
Alutor	t	Ø	_ʡ	tʡəlwəti→ʡəlwəti	day	lexical-specific, root-initial	[Kibrik, Kodzasov, Muravyova 2004:18]
Alutor	sʲ	Ø	_v			lexical-specific, root-initial	[Kibrik, Kodzasov, Muravyova 2004:18]
Alutor	sʲ	Ø	_w			lexical-specific, root-initial	[Kibrik, Kodzasov, Muravyova 2004:18]
Alutor	sʲ	Ø	_ɣ			lexical-specific, root-initial	[Kibrik, Kodzasov, Muravyova 2004:18]
Alutor	sʲ	Ø	_k			lexical-specific, root-initial	[Kibrik, Kodzasov, Muravyova 2004:18]
Alutor	sʲ	Ø	_q			lexical-specific, root-initial	[Kibrik, Kodzasov, Muravyova 2004:18]
Alutor	sʲ	Ø	_ʔ			lexical-specific, root-initial	[Kibrik, Kodzasov, Muravyova 2004:18]
Alutor	sʲ	Ø	_ʡ			lexical-specific, root-initial	[Kibrik, Kodzasov, Muravyova 2004:18]
Alutor	n	Ø	_v			lexical-specific, root-initial	[Kibrik, Kodzasov, Muravyova 2004:18]
Alutor	n	Ø	_w			lexical-specific, root-initial	[Kibrik, Kodzasov, Muravyova 2004:18]
Alutor	n	Ø	_ɣ			lexical-specific, root-initial	[Kibrik, Kodzasov, Muravyova 2004:18]
Alutor	n	Ø	_k			lexical-specific, root-initial	[Kibrik, Kodzasov, Muravyova 2004:18]
Alutor	n	Ø	_q			lexical-specific, root-initial	[Kibrik, Kodzasov, Muravyova 2004:18]
Alutor	n	Ø	_ʔ			lexical-specific, root-initial	[Kibrik, Kodzasov, Muravyova 2004:18]
Alutor	n	Ø	_ʡ			lexical-specific, root-initial	[Kibrik, Kodzasov, Muravyova 2004:18]
Alutor	l	Ø	_v			lexical-specific, root-initial	[Kibrik, Kodzasov, Muravyova 2004:18]
Alutor	l	Ø	_w			lexical-specific, root-initial	[Kibrik, Kodzasov, Muravyova 2004:18]
Alutor	l	Ø	_ɣ			lexical-specific, root-initial	[Kibrik, Kodzasov, Muravyova 2004:18]
Alutor	l	Ø	_k			lexical-specific, root-initial	[Kibrik, Kodzasov, Muravyova 2004:18]
Alutor	l	Ø	_q			lexical-specific, root-initial	[Kibrik, Kodzasov, Muravyova 2004:18]
Alutor	l	Ø	_ʔ			lexical-specific, root-initial	[Kibrik, Kodzasov, Muravyova 2004:18]
Alutor	l	Ø	_ʡ			lexical-specific, root-initial	[Kibrik, Kodzasov, Muravyova 2004:18]
Alutor	Ø	ʔ	V_V	ra=it-nv-lʔ-n→raʔ=itə-nvə-lʔə-n	master of the house'	compound-internal	[Kibrik, Kodzasov, Muravyova 2004:19]
Alutor	Ø	ʔ	#_V	akk→ʔakək	son		[Kibrik, Kodzasov, Muravyova 2004:19]
Alutor	ɣ	w	_|	liɣliɣ→liwliw	egg		[Kibrik, Kodzasov, Muravyova 2004:26]
Alutor	ɣ	w	_#	liɣliɣ→liwliw	egg		[Kibrik, Kodzasov, Muravyova 2004:26]
Alutor	aʔ	a̅	_|				[Kibrik, Kodzasov, Muravyova 2004:27]
Alutor	aj	e̅	_|	n-mraj-qin→nə-mre̅-qin	STAT-right-STAT		[Kibrik, Kodzasov, Muravyova 2004:27]
Alutor	aw	o̅	_|	lawt-k→lo̅tə-k	head-LOC		[Kibrik, Kodzasov, Muravyova 2004:27]
Alutor	əj	e̅	_|	t-jvəkl-n→t-e̅vəklə-n	1SG.S/A-hit-3SG.O	root-initially	[Kibrik, Kodzasov, Muravyova 2004:27]
Alutor	əw	o̅	_|			root-initially	[Kibrik, Kodzasov, Muravyova 2004:27]
Alutor	əj	i̅	_|			root-finally	[Kibrik, Kodzasov, Muravyova 2004:27]
Alutor	əw	u̅	_|			root-finally	[Kibrik, Kodzasov, Muravyova 2004:27]
Alutor	əʔ	a̅	_|				[Kibrik, Kodzasov, Muravyova 2004:27]
Alutor	t	tt	CV[+stressed]_V#	jat-i→jatt-i	come-3SG.S		[Kibrik, Kodzasov, Muravyova 2004:30]
Alutor	t	n	_m	ɣa-tm-lin→ɣa-nmə-lin	PF-kill-PF.3SG		[Kibrik, Kodzasov, Muravyova 2004:30]
Alutor	t	n	_n				[Kibrik, Kodzasov, Muravyova 2004:30]
Alutor	t	n	_nʲ				[Kibrik, Kodzasov, Muravyova 2004:30]
Alutor	t	n	ŋ	ɣa-tŋa-lin→ɣa-nŋa-lin	PF-grow-PF.3SG		[Kibrik, Kodzasov, Muravyova 2004:30]
Alutor	t	l	_l	vit-at-la-t→vit-al-la-t	work-VBLZ-PLZ-PL		[Kibrik, Kodzasov, Muravyova 2004:30-31]
Alutor	t	lʲ	_lʲ				[Kibrik, Kodzasov, Muravyova 2004:30-31]
Alutor	t	r	_r	t-tra-n→tə-rra-n	1SG.S/A-tore-3SG.O		[Kibrik, Kodzasov, Muravyova 2004:30-31]
Alutor	t	sʲ	_sʲ				[Kibrik, Kodzasov, Muravyova 2004:30-31]
Alutor	n	nʲ	_nʲ	mtan-nʲaqu→mətanʲ-nʲaqu	big-mosquito		[Kibrik, Kodzasov, Muravyova 2004:30-31]
Alutor	l	lʲ	_lʲ				[Kibrik, Kodzasov, Muravyova 2004:30-31]
Alutor	j	nʲ	n_	tə-nju-n→tə-nnʲu-n→tə-nʲnʲu-n	1SG.S/A-guard-3SG.O		[Kibrik, Kodzasov, Muravyova 2004:30-31]
Alutor	j	lʲ	l_	til-jita→til-lʲita→tilʲ-lʲita	wing-INSTR		[Kibrik, Kodzasov, Muravyova 2004:30-31]
Alutor	n	l	_l	t-n-levə-n→tə-l-levə-n	1SG.S/A-CS-go-3SG.O	only in causative marker	[Kibrik, Kodzasov, Muravyova 2004:30-31]
Alutor	n	r	_r			only in causative marker	[Kibrik, Kodzasov, Muravyova 2004:30-31]
Alutor	q	k	_k	taq-kin→tak-kin	why'		[Kibrik, Kodzasov, Muravyova 2004:30-31]
Alutor	v	w	w_	t-ɣva-k→tə-wva-k→tə-wwa-k	1SG.S/A-stuck-1SG.S		[Kibrik, Kodzasov, Muravyova 2004:30-31]
Alutor	t	sʲ	...sʲ			lexical-specific, can be triggered only by morphological context	[Kibrik, Kodzasov, Muravyova 2004:32]
Alutor	t	sʲ	...nʲ				[Kibrik, Kodzasov, Muravyova 2004:32]
Alutor	t	sʲ	...lʲ				[Kibrik, Kodzasov, Muravyova 2004:32]
Alutor	n	nʲ	...nʲ				[Kibrik, Kodzasov, Muravyova 2004:32]
Alutor	n	nʲ	...sʲ				[Kibrik, Kodzasov, Muravyova 2004:32]
Alutor	n	nʲ	...lʲ				[Kibrik, Kodzasov, Muravyova 2004:32]
Alutor	l	lʲ	...lʲ				[Kibrik, Kodzasov, Muravyova 2004:32]
Alutor	l	lʲ	...sʲ				[Kibrik, Kodzasov, Muravyova 2004:32]
Alutor	l	lʲ	...nʲ				[Kibrik, Kodzasov, Muravyova 2004:32]
Southern Bobo Madare	ɡ	ɣ	a_a	baɡa→baɣa	to implant		Morse, Mary Linn Alice:1953:22
Southern Bobo Madare	p	pʷ	_u	pu→pʷu	younger sibling of the same sex		Morse, Mary Linn Alice:1953:20
Southern Bobo Madare	p	pʷ	_o				Morse, Mary Linn Alice:1953:20
Southern Bobo Madare	b	bʷ	_u	bu→bʷu	sickness		Morse, Mary Linn Alice:1953:20
Southern Bobo Madare	b	bʷ	_o				Morse, Mary Linn Alice:1953:20
Southern Bobo Madare	b	β	a_a	taba→taβa	knife		Morse, Mary Linn Alice:1953:20
Southern Bobo Madare	b	β	ε_ε	sεbε→sεβε	to write		Morse, Mary Linn Alice:1953:20
Southern Bobo Madare	t	tʷ	_o				Morse, Mary Linn Alice:1953:20
Southern Bobo Madare	t	tʷ	_u	tuba→ tʷuba	hot		Morse, Mary Linn Alice:1953:20
Southern Bobo Madare	t	 c	_i	tia→ʦia	truth		Morse, Mary Linn Alice:1953:20
Southern Bobo Madare	d	dʷ	_o				Morse, Mary Linn Alice:1953:21
Southern Bobo Madare	d	dʷ	_u	du→dʷu	plot		Morse, Mary Linn Alice:1953:21
Southern Bobo Madare	d	j	_i	diεma→jiɛma	to help		Morse, Mary Linn Alice:1953:21
Southern Bobo Madare	k	kʷ	_o				Morse, Mary Linn Alice:1953:21
Southern Bobo Madare	k	kʷ	_u	ku→kʷu	debt		Morse, Mary Linn Alice:1953:21
Southern Bobo Madare	k	c	_i	kioro→cioro	twenty		Morse, Mary Linn Alice:1953:21
Southern Bobo Madare	ɡ	j	_i	ɡia→jia	rat trap		Morse, Mary Linn Alice:1953:22
Southern Bobo Madare	ɡ	ɡʷ	_u	ɡu→ɡʷu	to search		Morse, Mary Linn Alice:1953:22
Southern Bobo Madare	ɡ	ɡʷ	_o				Morse, Mary Linn Alice:1953:22
Southern Bobo Madare	kp	kw	_i	k͡pi → k͡wi	millet beer		Morse, Mary Linn Alice:1953:22
Southern Bobo Madare	kp	kw	_a	k͡pa → k͡wa	to fear		Morse, Mary Linn Alice:1953:22
Southern Bobo Madare	ɡb	ɡw	_V	ɡ͡ba →ɡ͡wa			Morse, Mary Linn Alice:1953:23
Southern Bobo Madare	kp	ŋw	V_ã	k͡pãk͡pãlo → k͡pãŋ͡wãlo	elbow		Morse, Mary Linn Alice:1953:22
Southern Bobo Madare	ɡb	ŋw	V_ã				Morse, Mary Linn Alice:1953:23
Southern Bobo Madare	s	sʲ	_a	si →sʲ	type		Morse, Mary Linn Alice:1953:23
Southern Bobo Madare	s	ɬ	|_l	nimisalalo→nimiɬlalo	boy		Morse, Mary Linn Alice:1953:23
Southern Bobo Madare	z	zʲ	_i	zio → zʲio	water		Morse, Mary Linn Alice:1953:23
Southern Bobo Madare	z	zʷ	_o				Morse, Mary Linn Alice:1953:23
Southern Bobo Madare	z	zʷ	_u	zuɡu → zʷuɡʷu	to sniff		Morse, Mary Linn Alice:1953:23
Southern Bobo Madare	s	sʷ	_o				Morse, Mary Linn Alice:1953:23
Southern Bobo Madare	s	sʷ	_u				Morse, Mary Linn Alice:1953:23
Southern Bobo Madare	f	fʷ	_o	fu→fʷu	ten		Morse, Mary Linn Alice:1953:24
Southern Bobo Madare	f	fʷ	_u				Morse, Mary Linn Alice:1953:24
Southern Bobo Madare	f	fʷ	_ũ				Morse, Mary Linn Alice:1953:24
Southern Bobo Madare	f	fʷ	_õ				Morse, Mary Linn Alice:1953:24
Southern Bobo Madare	z	zʷ	_ũ				Morse, Mary Linn Alice:1953:23
Southern Bobo Madare	z	zʷ	_õ				Morse, Mary Linn Alice:1953:23
Southern Bobo Madare	p	pʷ	_ũ				Morse, Mary Linn Alice:1953:20
Southern Bobo Madare	p	pʷ	_õ				Morse, Mary Linn Alice:1953:20
Southern Bobo Madare	b	bʷ	_ũ				Morse, Mary Linn Alice:1953:20
Southern Bobo Madare	b	bʷ	_õ				Morse, Mary Linn Alice:1953:20
Southern Bobo Madare	t	tʷ	_ũ				Morse, Mary Linn Alice:1953:20
Southern Bobo Madare	t	tʷ	_õ				Morse, Mary Linn Alice:1953:20
Southern Bobo Madare	d	dʷ	_ũ				Morse, Mary Linn Alice:1953:21
Southern Bobo Madare	d	dʷ	_õ				Morse, Mary Linn Alice:1953:21
Southern Bobo Madare	k	kʷ	_ũ				Morse, Mary Linn Alice:1953:21
Southern Bobo Madare	k	kʷ	_õ				Morse, Mary Linn Alice:1953:21
Southern Bobo Madare	ɡ	ɡʷ	_ũ				Morse, Mary Linn Alice:1953:21
Southern Bobo Madare	ɡ	ɡʷ	_õ				Morse, Mary Linn Alice:1953:21
Southern Bobo Madare	s	sʷ	_ũ				Morse, Mary Linn Alice:1953:23
Southern Bobo Madare	s	sʷ	_õ				Morse, Mary Linn Alice:1953:23
Southern Bobo Madare	v	vʷ	_ũ	vũ → vʷũ	to dip		Morse, Mary Linn Alice:1953:24
Southern Bobo Madare	v	vʷ	_õ				Morse, Mary Linn Alice:1953:24
Southern Bobo Madare	v	vʷ	_o				Morse, Mary Linn Alice:1953:24
Southern Bobo Madare	v	vʷ	_u				Morse, Mary Linn Alice:1953:24
Southern Bobo Madare	h	hʷ	_ɔ				Morse, Mary Linn Alice:1953:24
Southern Bobo Madare	m	mʷ	_u				Morse, Mary Linn Alice:1953:24
Southern Bobo Madare	m	mʷ	_ɔ				Morse, Mary Linn Alice:1953:24
Southern Bobo Madare	m	mʷ	_ũ	mũ→mʷũ	rabbit		Morse, Mary Linn Alice:1953:24
Southern Bobo Madare	n	nʷ	_u				Morse, Mary Linn Alice:1953:24
Southern Bobo Madare	n	nʷ	_ɔ	nɔ → nʷɔ	child		Morse, Mary Linn Alice:1953:24
Southern Bobo Madare	n	nʷ	_ũ				Morse, Mary Linn Alice:1953:24
Southern Bobo Madare	n	nʷ	_o				Morse, Mary Linn Alice:1953:24
Southern Bobo Madare	n	nʷ	_õ				Morse, Mary Linn Alice:1953:24
Southern Bobo Madare	n	nʲ	_i				Morse, Mary Linn Alice:1953:24
Southern Bobo Madare	ɲ	ɲʷ	_ũ				Morse, Mary Linn Alice:1953:24
Southern Bobo Madare	ɲ	ɲʷ	_õ				Morse, Mary Linn Alice:1953:24
Southern Bobo Madare	η	ηʷ	_ũ	duηũ→duηʷũ	black		Morse, Mary Linn Alice:1953:24
Southern Bobo Madare	η	ηʷ	_õ				Morse, Mary Linn Alice:1953:25
Southern Bobo Madare	η	ηʷ	_o				Morse, Mary Linn Alice:1953:25
Southern Bobo Madare	η	ηʷ	_u				Morse, Mary Linn Alice:1953:25
Southern Bobo Madare	η	ηʷ	_ɔ				Morse, Mary Linn Alice:1953:25
Southern Bobo Madare	l	lʷ	_ũ				Morse, Mary Linn Alice:1953:25
Southern Bobo Madare	l	lʷ	_õ				Morse, Mary Linn Alice:1953:25
Southern Bobo Madare	l	lʷ	_o				Morse, Mary Linn Alice:1953:25
Southern Bobo Madare	l	lʷ	_u	lu →lʷu	cold		Morse, Mary Linn Alice:1953:25
Southern Bobo Madare	l	lʷ	_ɔ				Morse, Mary Linn Alice:1953:25
Southern Bobo Madare	ɾ	ɾʲ	_i				Morse, Mary Linn Alice:1953:25
Southern Bobo Madare	ɾ	ɾʷ	_o				Morse, Mary Linn Alice:1953:25
Southern Bobo Madare	ɾ	ɾʷ	_u				Morse, Mary Linn Alice:1953:25
Southern Bobo Madare	ɾ	ɾʷ	_ɔ				Morse, Mary Linn Alice:1953:25
Southern Bobo Madare	k	kp	_Va	kɔ-a→kpa	house-pl		Morse, Mary Linn Alice:1953:37
Itelmen	Ø	ʔ	V_V	aasx→aʔasx	nest		[Volodin 1976: 54]
Itelmen	Ø	ɣ	V_V	riat-kes→riɣat-kes	be.happy-INF		[Volodin 1976: 54]
Itelmen	Ø	β	V_V	ɸteank→ɸteβank	here		[Volodin 1976: 54]
Itelmen	l	nʲ	_ɬʲ	ɸal-ɬʲ→ɸanʲ-ɬʲ	knife-INSTR	morphological-specific	[Volodin 1976: 55]
Itelmen	ɬʲ	Ø	_s	t-sunɬʲ-skitsʲen→t-sun-skitsʲen	1SG-live-1SG.PST	morphological-specific	[Volodin 1976: 55]
Itelmen	ɬʲ	Ø	_z			morphological-specific	[Volodin 1976: 55]
Itelmen	t	tt	V_|V	ɸitaʝ→ɸittaʝ	baby seal	non-obligatory	[Volodin 1976: 56]
Itelmen	q	qq	V_|V	moqatsʲχ→moqqatsʲχ	inflorescence of willow	non-obligatory	[Volodin 1976: 56]
Itelmen	p	pp	V_|V			non-obligatory	[Volodin 1976: 56]
Itelmen	k	kk	V_|V			non-obligatory	[Volodin 1976: 56]
Itelmen	z	zz	V_|V	ăzank→ăzzank	outside	non-obligatory	[Volodin 1976: 56]
Itelmen	ɣ	ɣɣ	V_|V	liɣ-aʝ→liɣɣ-aʝ	egg-DIM	non-obligatory	[Volodin 1976: 56]
Itelmen	ʝ	ʝʝ	V_|V	ŋoʝ-aʝ→ŋoʝʝ-aʝ	tail-DIM	non-obligatory	[Volodin 1976: 56]
Itelmen	β	ββ	V_|V	quβa→quββa	pants	non-obligatory	[Volodin 1976: 56]
Itelmen	m	mm	V_|V	χeme͜tsʲχ→χeme͜tsʲχ	puppy	non-obligatory	[Volodin 1976: 56]
Itelmen	n	nn	V_|V	ə̆na→ə̆nna	he	non-obligatory	[Volodin 1976: 56]
Itelmen	nʲ	nʲnʲ	V_|V	unʲatsʲχ→unʲnʲatsʲχ	little bird	non-obligatory	[Volodin 1976: 56]
Itelmen	l	ll	V_|V	ola→olla	nearby	non-obligatory	[Volodin 1976: 56]
Itelmen	lʲ	lʲlʲ	V_|V	ulʲulʲax→ulʲlʲulʲax	small	non-obligatory	[Volodin 1976: 56]
Itelmen	n	m	_p	ə̆n-pχ-as→ə̆m-pχ-as	TR-cut-INF	morphological-specific	[Volodin 1976: 66]
Itelmen	n	nʲ	_tsʲ	ə̆n-tsʲex-es→ə̆nʲ-tsʲex-es	TR-drown-INF	morphological-specific	[Volodin 1976: 66]
Itelmen	l	ɬʲ	_tsʲ	tsʲaqol-tsʲaχ→tsʲaqoɬʲ-tsʲaχ	bird's.head-DIM		[Volodin 1976: 67]
Itelmen	k	x	_k	k-kukekas→x-kukekas	IMP-cook	morphological-specific	[Volodin 1976: 67]
Itelmen	l	Ø	_l	iβl-laχ→iβ-laχ	long-ATR	morphological-specific	[Volodin 1976: 67]
Itelmen	tsʲ	Ø	_͜tsʲ	k-la͜tsʲ-͜tsʲom→k-la͜-͜tsʲom	ASS-sun-ASS	irregular	[Volodin 1976: 67]
Itelmen	ɬʲɣ	xl	(a_)	eɣ-aɬʲ-ɣen→eɣaxlen	become-FUT-3SG.S	morphological-specific	[Volodin 1976: 68]
Itelmen	sɣ	s		is-ɣen→is-en	depart-3SG.S	morphological-specific	[Volodin 1976: 68]
Itelmen	t	Ø	t_	t-tkitsʲen→t-kitsʲen	1SG-scatter.smthg	morphological-specific	[Volodin 1976: 68]
Itelmen	k	kʼ	_V	k-esx-tsʲom→kʼ-esx-tsʲom	ASS-father-ASS	morphological-specific	[Volodin 1976: 69]
Itelmen	t	tʼ	_V	t-ums-tsʲen→tʼ-ums-tsʲen	1SG-leave-PST.3SG	morphological-specific	[Volodin 1976: 69]
Worodougou	t	d	n_	n tɔɡɔ→n dɔɡɔ	my name		[Gingiss 1973]
Worodougou	c	ɟ	n_				[Gingiss 1973]
Worodougou	k	ɡ	n_				[Gingiss 1973]
Worodougou	l	n	n_	kean-li-ke→kean-ni ke	learning		[Gingiss 1973]
Worodougou	n	m	_b				[Gingiss 1973]
Worodougou	n	m	_m				[Gingiss 1973]
Worodougou	n	ŋ	_k				[Gingiss 1973]
Worodougou	n	ŋ	_ɡ				[Gingiss 1973]
Worodougou	n	ŋ	_ɡb				[Gingiss 1973]
Worodougou	n	ŋ	_w				[Gingiss 1973]
Worodougou	n	Ø	_#				[Gingiss 1973]
Worodougou	n	Ø	_ɔ			morfological	[Gingiss 1973]
Worodougou	n	ŋ	_jɛ	njɛ→ ŋjɛ	I		[Gingiss 1973]
Worodougou	n	ŋ	_ja	fanjafͻla→faŋjafͻla	liar		[Gingiss 1973]
Worodougou	b	β	V_V	saba→saβa			[Gingiss 1973]
Worodougou	ɡ	ɣ	V_V				[Gingiss 1973]
Worodougou	f	v	m_				[Gingiss 1973]
Worodougou	f	v	n_				[Gingiss 1973]
Worodougou	f	v	ŋ_				[Gingiss 1973]
Worodougou	ɸ	β	m_				[Gingiss 1973]
Worodougou	ɸ	β	n_				[Gingiss 1973]
Worodougou	ɸ	β	ŋ_				[Gingiss 1973]
Worodougou	m	Ø	_v				[Gingiss 1973]
Worodougou	n	Ø	_v				[Gingiss 1973]
Worodougou	ŋ	Ø	_v				[Gingiss 1973]
Worodougou	m	Ø	_β				[Gingiss 1973]
Worodougou	n	Ø	_β				[Gingiss 1973]
Worodougou	ŋ	Ø	_β				[Gingiss 1973]
Worodougou	s	z	m_				[Gingiss 1973]
Worodougou	m	Ø	_z				[Gingiss 1973]
Worodougou	s	z	n_				[Gingiss 1973]
Worodougou	s	z	ŋ_				[Gingiss 1973]
Worodougou	n	Ø	_z				[Gingiss 1973]
Worodougou	ŋ	Ø	_z				[Gingiss 1973]
Worodougou	m	Ø	_m	m muso→muso	my wife		[Gingiss 1973]
Worodougou	n	Ø	_n				[Gingiss 1973]
Worodougou	ŋ	Ø	_ŋ				[Gingiss 1973]
Worodougou	l	n	n_				[Gingiss 1973]
Ket	b	β	V_V	abaŋa → aβaŋa	I.DAT		[George 2007: 75]
Ket	b	p	q_	əqbes → ʌqpesʲ	suddenly		[George 2007: 75]
Ket	b	p	_s				[Vajda 2004: 7]
Ket	b	p	s_				[Vajda 2004: 7]
Ket	d	t	_s				[Vajda 2004: 7]
Ket	d	t	s_	seˑs-diŋa → seˑs-tiŋa	in-river		[Vajda 2004: 7]
Ket	bh	p:	V_V	obhas → op:asʲ	stepfahet		[George 2007: 75]
Ket	b	p	_#	hɨˤb → hɯˤp	son		[George 2007: 75]
Ket	d	t	_#	kiˤd → kˤit	price		[Vajda 2004: 7]
Ket	d	ɾ	V_V	tuˑde → tuˑɾe	that		[George 2007: 76]
Ket	b	p	_k				[Vajda 2004: 7]
Ket	b	p	_q				[Vajda 2004: 7]
Ket	b	p	_t	diˤ-b-tâŋ → diˤ-p-tâŋ	1SUBJ-3N.O-drag		[Vajda 2004: 7]
Ket	d	t	_k				[Vajda 2004: 7]
Ket	d	t	_q				[Vajda 2004: 7]
Ket	d	t	_t				[Vajda 2004: 7]
Ket	q	ˤɢ	_d	saˤk-dîŋal → saˤɢ-dîŋal	from the squirrel		[Vajda 2004: 7]
Ket	q	ˤɢ	_b				[Vajda 2004: 7]
Ket	k	ɡ	_b	ɨˤk-beˤs → ɨɡ-bês	male-rabbit		[Vajda 2004: 7]
Ket	k	ɡ	_d	iˑkbes → iˑɡbesʲ	to come		[George 2007: 76]
Ket	t	d	_b	uˑkde → uˑɡde	long		[George 2007: 76]
Ket	t	d	_d	uˑt-deˤŋ → uˤd-dêŋ	south-people		[Vajda 2004: 7]
Ket	k	ɡ	j_				[Vajda 2004: 7]
Ket	k	ɡ	ŋ_	hâŋ-kuˤs → haˑŋ-ɡûs	female-cow		[Vajda 2004: 7]
Ket	q	ɢ	ŋ_	hâŋ-qiˑt → haˑŋ-ɢit	female-wolf		[Vajda 2004: 7]
Ket	q	ʁ	j_	qôj-qo → qoˑj-ʁo	bear-den		[Vajda 2004: 7]
Ket	k	ɣ	V_V	ti:k-am → tiˑɣ-am	snow-ADJ		[Vajda 2004: 7]
Ket	ɡ	ɣ	V_V				[Vajda 2004: 7]
Ket	q	ʁ	V_V	ə:q-in → əˑʁ-in	branch-PL		[Vajda 2004: 7]
Andi	l	n	n_	den-lo → denno	I-ADD		[Sulejmanov 1957: 75]
Andi	d	n	n_	wot'in-du → wot'innu	talk-INF		[Sulejmanov 1957: 76]
Andi	nb	mm		ɬin-bol →ɬimmol	hair-PL		[Sulejmanov 1957: 76]
Andi	b	m	m_	ʔim-bolo →ʔimmolo	some		[Sulejmanov 1957: 77]
Andi	d	m	m_	t'am-du →t'ammu	lead-INF		[Sulejmanov 1957: 77]
Andi	d	l	l_	ɢarol-du → ɢarollu	cleave-INF		[Sulejmanov 1957: 78]
Andi	r	l	_l	ʔaχir-lo → ʔaχillo	end-ADD		[Sulejmanov 1957: 78]
Andi	r	l	_lˤ	q'et'ur-lˤ-a → q'et'ullˤa	tree-SUPER-ESS		[Sulejmanov 1957: 78]
Andi	ts	tsː					[Sulejmanov 1957: 79]
Andi	tʃ	tʃː					[Sulejmanov 1957: 79]
Andi	ts'	ts'ː					[Sulejmanov 1957: 79]
Andi	tʃ'	tʃ'ː					[Sulejmanov 1957: 79]
Andi	k'	k'ː					[Sulejmanov 1957: 79]
Andi	s	sː					[Sulejmanov 1957: 79]
Andi	ʃ	ʃː					[Sulejmanov 1957: 79]
Andi	χ	χː					[Sulejmanov 1957: 79]
Andi	tsː	ts					[Sulejmanov 1957: 79]
Andi	tʃː	tʃ					[Sulejmanov 1957: 79]
Andi	ts'ː	ts'					[Sulejmanov 1957: 79]
Andi	tʃ'ː	tʃ'					[Sulejmanov 1957: 79]
Andi	k'ː	k'					[Sulejmanov 1957: 79]
Andi	sː	s					[Sulejmanov 1957: 79]
Andi	ʃː	ʃ					[Sulejmanov 1957: 79]
Andi	χː	χ					[Sulejmanov 1957: 79]
Southwestern Tarahumara	b	β	V_V	tʃukú-b-ti-si-a → mutʃí-βa-ri	be.sit:pl-Inch-Pst		[Caballero 2008: 33]
Southwestern Tarahumara	b	w	_C	bamí-ba-ri → mutʃí-w-po	be.sit:pl-Inch-Fut:pl		[Caballero 2008: 33]
Southwestern Tarahumara	b	w	#_	bamí-ba-ri → wakótʃi	river		[Caballero 2008: 34]
Southwestern Tarahumara	tʃ	ts	_a	tʃiwá → akátsa-ra	grandmother-Poss		[Caballero 2008: 36]
Southwestern Tarahumara	s	ʃ	_[+hiɡh]V	osá-e → oʃí	write		[Caballero 2008: 38]
Southwestern Tarahumara	n	m	_p	sú-n-ma → súu-m-po	sew-Appl-Fut:pl		[Caballero 2008: 40]
Southwestern Tarahumara	ɾ	r	#_	ruɾutʃíw-ma → ruhí	to hail		[Caballero 2008: 42]
Southwestern Tarahumara	b	p	C_	bete-bá-sa → desfilár-pa	parade-Fut:pl		[Caballero 2008: 50]
Nuu-chah-nulth	k	kˀ	_ʔap	jaaʔak → jaaʔakˀ-ap	care → to like	triggered by grammatical suffix	[Kim 2003: 29]
Nuu-chah-nulth	p	pˀ	_ʔaqtɬ	wik-stup → wik-stupˀ-aqtɬ	nothing → nothing-inside	triggered by lexical suffix	[Kim 2003: 30]
Nuu-chah-nulth	t	tˀ	_ʔaqtɬ			triggered by lexical suffix	[Kim 2003: 30]
Nuu-chah-nulth	k	kˀ	_ʔaqtɬ	tupk → tupkˀ-aqtɬ	black → black-inside	triggered by lexical suffix	[Kim 2003: 30]
Nuu-chah-nulth	kʷ	kʷˀ	_ʔaqtɬ			triggered by lexical suffix	[Kim 2003: 30]
Nuu-chah-nulth	q	ʕ	_ʔaqtɬ			triggered by lexical suffix	[Kim 2003: 30]
Nuu-chah-nulth	qʷ	ʕ	_ʔaqtɬ			triggered by lexical suffix	[Kim 2003: 30]
Nuu-chah-nulth	tɬ	tɬˀ	_ʔaqtɬ			triggered by lexical suffix	[Kim 2003: 30]
Nuu-chah-nulth	c	cˀ	_ʔaqtɬ			triggered by lexical suffix	[Kim 2003: 30]
Nuu-chah-nulth	tʃ	tʃˀ	_ʔaqtɬ			triggered by lexical suffix	[Kim 2003: 30]
Nuu-chah-nulth	ɬ	jˀ	_ʔaqtɬ			triggered by lexical suffix	[Kim 2003: 36]
Nuu-chah-nulth	p	pˀ	_ʔaaʔa			triggered by lexical suffix	[Kim 2003: 30]
Nuu-chah-nulth	t	tˀ	_ʔaaʔa	hapt-ʃitɬ → haptˀaaʔa	hiding among the rocks	triggered by lexical suffix	[Kim 2003: 30]
Nuu-chah-nulth	k	kˀ	_ʔaaʔa			triggered by lexical suffix	[Kim 2003: 30]
Nuu-chah-nulth	kʷ	kʷˀ	_ʔaaʔa			triggered by lexical suffix	[Kim 2003: 30]
Nuu-chah-nulth	q	ʕ	_ʔaaʔa			triggered by lexical suffix	[Kim 2003: 30]
Nuu-chah-nulth	qʷ	ʕ	_ʔaaʔa	tˀiqʷ-aas → tˀiʕ-aaʔa	sitting on the rock	triggered by lexical suffix	[Kim 2003: 30]
Nuu-chah-nulth	tɬ	tɬˀ	_ʔaaʔa	matɬ-ʃitɬ → matɬˀ-aaʔa	being tied to the rock	triggered by lexical suffix	[Kim 2003: 30]
Nuu-chah-nulth	c	cˀ	_ʔaaʔa			triggered by lexical suffix	[Kim 2003: 30]
Nuu-chah-nulth	tʃ	tʃˀ	_ʔaaʔa			triggered by lexical suffix	[Kim 2003: 30]
Nuu-chah-nulth	ɬ	jˀ	_ʔaaʔa			triggered by lexical suffix	[Kim 2003: 36]
Nuu-chah-nulth	p	pˀ	_ʔas			triggered by lexical suffix	[Kim 2003: 30]
Nuu-chah-nulth	t	tˀ	_ʔas			triggered by lexical suffix	[Kim 2003: 30]
Nuu-chah-nulth	k	kˀ	_ʔas			triggered by lexical suffix	[Kim 2003: 30]
Nuu-chah-nulth	kʷ	kʷˀ	_ʔas	haʔukʷ-it → haʔukʷˀ-as	going s.w. to eat s.t.	triggered by lexical suffix	[Kim 2003: 30]
Nuu-chah-nulth	q	ʕ	_ʔas	kamatq-ʃitɬ → kamatʕ-as	gowing s.w. to run	triggered by lexical suffix	[Kim 2003: 30]
Nuu-chah-nulth	qʷ	ʕ	_ʔas			triggered by lexical suffix	[Kim 2003: 30]
Nuu-chah-nulth	tɬ	tɬˀ	_ʔas			triggered by lexical suffix	[Kim 2003: 30]
Nuu-chah-nulth	c	cˀ	_ʔas	tʃiic → tʃiicˀ-as	going s.w. to fish	triggered by lexical suffix	[Kim 2003: 30]
Nuu-chah-nulth	tʃ	tʃˀ	_ʔas	waʔitʃ-utɬ → waʔitʃˀ-as	going s.w. to sleep	triggered by lexical suffix	[Kim 2003: 30]
Nuu-chah-nulth	ɬ	jˀ	_ʔaqtɬ	hiɬ → hijˀ-aqtɬ	inside		[Kim 2003: 36]
Nuu-chah-nulth	ɬ	jˀ	_ʔaaʔa	hiɬ → hijˀ-aaʔa	on the rock		[Kim 2003: 36]
Nuu-chah-nulth	ɬ	jˀ	_ʔaħs	hiɬ → hijˀ-aħs	in a boat/car/bowl		[Kim 2003: 36]
Nuu-chah-nulth	ɬ	jˀ	_ʔaktɬi	hiɬ → hijˀ-aktɬi	at the rear (of a boat/car)		[Kim 2003: 36]
Nuu-chah-nulth	ɬ	jˀ	_ʔaktɬas	hiɬ → hijˀ-aktɬas	in a house		[Kim 2003: 36]
Nuu-chah-nulth	ɬ	jˀ	_ʔiħta	hiɬ → hijˀ-iħta	located at the end		[Kim 2003: 36]
Nuu-chah-nulth	s	jˀ	_ʔic	kʷˀisaa → kwijˀ-ic	eating snow		[Kim 2003: 35]
Nuu-chah-nulth	ħ	wˀ	_ʔaqtɬ	tˀuħcˀiti → tˀuwˀ-aqtɬ	eating (fish) head		[Kim 2003: 35]
Nuu-chah-nulth	n	nˀ	_ʔaaʔa	tˀaaniɬ → tˀaanˀ-aaʔa	stacked on the rock		[Kim 2003: 38]
Nuu-chah-nulth	m	mˀ	_ʔaqtɬ	tʃˀam → tʃˀamˀ-aqtɬ-um	oven/bread pan		[Kim 2003: 38]
Nuu-chah-nulth	m	mˀ	_ʔaktɬi	ʔam → ʔamˀ-aktɬi	buttock		[Kim 2008: 38]
Nuu-chah-nulth	p	pˀ	_ʔatɬ	kˀuupup → kˀuupupˀ-atɬ	to hang (something)		[Kim 2008: 39]
Nuu-chah-nulth	ts	tsˀ	_ʔatɬ	ʔuuts → ʔuutsˀ-atɬ	belong to (someone)		[Kim 2008: 39]
Nuu-chah-nulth	ɬ	j	_is	hiɬʔiʃ → hij-is	there is something at the beach		[Kim 2008: 94]
Nuu-chah-nulth	s	j	_is	ʕujaasaa → ʕujaaj-is	moving one position to another at the beach		[Kim 2008: 94]
Nuu-chah-nulth	ɬ	j	_iɬ	hiɬʔiʃ → hij-iɬ	someone is inside		[Kim 2008: 95]
Nuu-chah-nulth	s	j	_iɬ	ʕujaasaa → ʕujaaj-iɬ	moving one position to another inside		[Kim 2008: 95]
Nuu-chah-nulth	m	mj	_is	hajum → hajumj-is	lost in a beach		[Kim 2008: 97]
Nuu-chah-nulth	m	mj	_iɬ	hajum → hajumj-iɬ	getting lost in a house		[Kim 2008: 97]
Nuu-chah-nulth	n	nj	_is	siicmin → siicminj-is	maggots at the beach		[Kim 2008: 94]
Nuu-chah-nulth	n	nj	_iɬ	siicmin → siicminj-iɬ	maggots on the floor		[Kim 2008: 95]
Nuu-chah-nulth	x	xʷ	u_V[-rnd]	capxsaap → capxʷ-atuk	boiling noise		[Kim 2008: 122]
Nuu-chah-nulth	q	qʷ	u_V[-rnd]	cˀuqtʃuu → cˀuqʷ-aa	stab-DUR		[Kim 2008: 122]
Nuu-chah-nulth	k	kʷ	u_V[-rnd]	nuuk → nuukʷ-iiɬ	to make a song		[Kim 2008: 122]
Nuu-chah-nulth	xʷ	x	_u	cˀaxʷiɬ → cˀax-uuɬ	wrinkles		[Kim 2008: 124]
Nuu-chah-nulth	qʷ	q	_u	cˀuqʷiɬ → cˀuq-umɬ	to pierce some round stuff like a drum		[Kim 2008: 124]
Nuu-chah-nulth	kʷ	k	_u	haʔukʷiɬʔiʃ → hawik-uk	a big eater		[Kim 2008: 124]
Kwak'wala	d	t	_#	dˀmaːxˀid → dˀmaːxˀit	to go out of sight		[Boas, Yampolsky, Harris 1947: 211]
Kwak'wala	b	p	_#				[Boas, Yampolsky, Harris 1947: 211]
Kwak'wala	dz	ts	_#				[Boas, Yampolsky, Harris 1947: 211]
Kwak'wala	ɡʲ 	kʲ	_#				[Boas, Yampolsky, Harris 1947: 211]
Kwak'wala	ɢ	q	_#				[Boas, Yampolsky, Harris 1947: 211]
Kwak'wala	k	kʲ	o_	oːkwäxʲe → oːkʲäxˀe	knee		[Boas, Yampolsky, Harris 1947: 214]
Kwak'wala	ɡ	ɡʲ	o_	oːɡwiwe → oːɡʲiwe	forehead		[Boas, Yampolsky, Harris 1947: 214]
Kwak'wala	k	kʲ	u_				[Boas, Yampolsky, Harris 1947: 214]
Kwak'wala	ɡ	ɡʲ	u_				[Boas, Yampolsky, Harris 1947: 214]
Kwak'wala	k	kʷ	_C				[Boas, Yampolsky, Harris 1947: 214]
Kwak'wala	ɡ	ɡʷ	_C				[Boas, Yampolsky, Harris 1947: 214]
Kwak'wala	ɡʷ	ɡʲ	_o				[Boas, Yampolsky, Harris 1947: 214]
Kwak'wala	ɡʷ	ɡʲ	_u				[Boas, Yampolsky, Harris 1947: 214]
Kwak'wala	kʷ	kʲ	_o	qˀākʷo → qˀākʲo			[Boas, Yampolsky, Harris 1947: 214]
Kwak'wala	kʷ	kʲ	_u				[Boas, Yampolsky, Harris 1947: 214]
Kwak'wala	xʷ	xʲ	_o				[Boas, Yampolsky, Harris 1947: 214]
Kwak'wala	xʷ	xʲ	_u				[Boas, Yampolsky, Harris 1947: 214]
Bora	d	dj	aj_				[Seifart 2005: 34]
Bora	d	dj	ajː_				[Seifart 2005: 34]
Bora	d	dj	i_				[Seifart 2005: 34]
Bora	d	dj	iː_				[Seifart 2005: 34]
Bora	t	tj	aj_				[Seifart 2005: 34]
Bora	t	tj	ajː_				[Seifart 2005: 34]
Bora	t	tj	i_				[Seifart 2005: 34]
Bora	t	tj	iː_				[Seifart 2005: 34]
Bora	ts	tʃ	aj_				[Seifart 2005: 34]
Bora	ts	tʃ	ajː_				[Seifart 2005: 34]
Bora	ts	tʃ	i_				[Seifart 2005: 34]
Bora	ts	tʃ	iː_				[Seifart 2005: 34]
Bora	n	ɲ	aj_				[Seifart 2005: 34]
Bora	n	ɲ	ajː_				[Seifart 2005: 34]
Bora	n	ɲ	i_				[Seifart 2005: 34]
Bora	n	ɲ	iː_				[Seifart 2005: 34]
Bora	dz	dʒ	aj_				[Seifart 2005: 34]
Bora	dz	dʒ	ajː_				[Seifart 2005: 34]
Bora	dz	dʒ	i_				[Seifart 2005: 34]
Bora	dz	dʒ	iː_				[Seifart 2005: 34]
Bora	ɾ	ɾj	aj_				[Seifart 2005: 34]
Bora	ɾ	ɾj	ajː_				[Seifart 2005: 34]
Bora	ɾ	ɾj	i_				[Seifart 2005: 34]
Bora	ɾ	ɾj	iː_				[Seifart 2005: 34]
Bora	h	ç	aj_				[Seifart 2005: 35]
Bora	h	ç	i_				[Seifart 2005: 35]
Bora	h	ç	ajː_				[Seifart 2005: 35]
Bora	h	ç	iː_				[Seifart 2005: 35]
Xinca-Guazacapan	p	b	m_	ʔampuki → ʔambuki	snake		[Sachse 2010: 212]
Xinca-Guazacapan	p	b	n_				[Sachse 2010: 212]
Xinca-Guazacapan	t	d	m_				[Sachse 2010: 212]
Xinca-Guazacapan	t	d	n_	tonton → tondon	sea turtle		[Sachse 2010: 212]
Xinca-Guazacapan	p	pˀ	#_V				[Sachse 2010: 214]
Xinca-Guazacapan	t	tˀ	#_V				[Sachse 2010: 214]
Xinca-Guazacapan	k	kˀ	#_V	kˀeʔwes̥a → kˀeʔwes̥a	anona		[Sachse 2010: 214]
Xinca-Guazacapan	tʃ	tsˀ	#_V	tʃinaʔna → tsˀinaʔna	scorpion		[Sachse 2010: 214]
Xinca-Guazacapan	ɡ	k	_#	waruɡ → waruk	net		[Sachse 2010: 215]
Xinca-Guazacapan	ɡ	ʔ	_#	waruɡ → waruʔ	net		[Sachse 2010: 215]
Xinca-Guazacapan	n	ŋ	_#	szuεaan → ʃukaŋ	I ate		[Sachse 2010: 215]
Xinca-Guazacapan	m	ŋ	_#	na nem → naniŋ	I, 1sg		[Sachse 2010: 215]
Xinca-Guazacapan	tsˀ	s	_i				[Sachse 2010: 217]
Xinca-Guazacapan	tsˀ	s	_ɨ	tsˀɨʔma → sɨʔma	night		[Sachse 2010: 217]
Xinca-Guazacapan	tsˀ	s	_u	tsˀuku → suku	tie up		[Sachse 2010: 217]
Xinca-Guazacapan	tsˀ	s	_a	tsˀama → sama	darkness		[Sachse 2010: 217]
Xinca-Guazacapan	tsˀ	tʃ	_i	tsˀeʔ → tʃeʔ	opossum		[Sachse 2010: 217]
Xinca-Guazacapan	tsˀ	tʃ	_e	tsˀinaʔna → tʃinaʔna	scorpion		[Sachse 2010: 217]
Xinca-Guazacapan	s	ʃ	_i				[Sachse 2010: 217]
Xinca-Guazacapan	s	ʃ	_ɨ				[Sachse 2010: 217]
Xinca-Guazacapan	s	ʃ	_u				[Sachse 2010: 217]
Xinca-Guazacapan	s	ʃ	_a	sapu → ʃapu	cotton		[Sachse 2010: 217]
Xinca-Guazacapan	ɬ	t	CVʔ_V				[Sachse 2010: 218]
Xinca-Guazacapan	l	t	CVʔ_V	tiʔla → tita	salt		[Sachse 2010: 218]
Northern Paiute	p	b	V_V				[Thornes 2004:31]
Northern Paiute	p	β	V_V				[Thornes 2004:31]
Northern Paiute	p	pp	V_V				[Thornes 2004:31]
Northern Paiute	m	w̃	V_V				[Thornes 2004:31]
Northern Paiute	m	mm	V_V				[Thornes 2004:31]
Northern Paiute	t	d	V_V				[Thornes 2004:31]
Northern Paiute	t	ɾ	V_V	katɨ → kaɾɨ			[Thornes 2004:31]
Northern Paiute	t	tt	V_V	katɨ → kattɨ			[Thornes 2004:31]
Northern Paiute	ts	dz	V_V				[Thornes 2004: 31]
Northern Paiute	ts	z	V_V				[Thornes 2004: 31]
Northern Paiute	ts	tts	V_V				[Thornes 2004: 31]
Northern Paiute	n	nn	V_V				[Thornes 2004: 31]
Northern Paiute	ʂ	ʐ	V_V				[Thornes 2004: 31]
Northern Paiute	ʂ	ʂʂ	V_V				[Thornes 2004: 31]
Northern Paiute	kʷ	ɡʷ	V_V				[Thornes 2004: 31]
Northern Paiute	kʷ	ɣʷ	V_V				[Thornes 2004: 31]
Northern Paiute	kʷ	kkʷ	V_V				[Thornes 2004: 31]
Northern Paiute	k	ɡ	V_V	nɨka → niɡa	dance (non-final)		[Thornes 2004: 31]
Northern Paiute	k	ɣ	V_V				[Thornes 2004: 31]
Northern Paiute	k	kk	V_V	nɨka → nikka	dance (DUR)		[Thornes 2004: 31]
Northern Paiute	k	ǰ	i_a	tonika → toniǰa	flower		[Thornes 2004: 37]
Northern Paiute	k	tʃ	i_a	supika → supitʃa	to want,  to be enamored to		[Thornes 2004: 37]
Northern Paiute	s	ʂ	i_	pisa → piʂa	good/well		[Thornes 2004: 39]
Northern Paiute	s	ʂ	_i				[Thornes 2004: 39]
Northern Paiute	s	ʃ	_i				[Thornes 2004: 39]
Northern Paiute	s	ʃ	i_				[Thornes 2004: 39]
Northern Paiute	k	q	_ɔ	mɔkɔ → mɔqɔ	shoe		[Thornes 2004: 40]
Northern Paiute	k	q	_a	kai → qai	no, not		[Thornes 2004: 40]
Northern Paiute	ɡ	ɢ	_ɔ	makɡɔ → maɢɔ	bag		[Thornes 2004: 40]
Northern Paiute	ɡ	ɢ	_a	yaɡa → yaɢa	to cry		[Thornes 2004: 40]
Northern Paiute	m	m̥	h_	pahmu → pahm̥u	tocacco		[Thornes 2004: 41]
Northern Paiute	w	w̥	h_	tibuhwai → tibuhw̥ai	to seek  a vision		[Thornes 2004: 41]
Pipil	w	ʍ	_#				[Campbell 1985: 33]
Pipil	y	x	_#				[Campbell 1985: 33]
Pipil	l	ɬ	_#				[Campbell 1985: 33]
Pipil	r	r̥	_#				[Campbell 1985: 33]
Pipil	w	h	_#	kuwa → kuh-ki	buy-PST		[Campbell 1985: 34]
Pipil	w	h	_c	puwa → puh-ki	count-PST		[Campbell 1985: 34]
Pipil	s	x	_tia	kiːsa → kiːx-tia	leave-CAUS		[Campbell 1985: 35]
Pipil	t	ch	_tia	mati → mach-tia	know-CAUS		[Campbell 1985: 35]
Pipil	kʷ	k	_C	tsakʷa → tsaktuk	closed		[Campbell 1985: 37]
Pipil	kʷ	k	_.	ihnekʷi → nikihnek	I smelled it		[Campbell 1985: 37]
Pipil	k	h	_k	sahsaket → sahsashket	they uprooted		[Campbell 1985: 37]
Ute-Southern Paiute	k	kʲ	i_				[Sapir 1930: 51]
Ute-Southern Paiute	n	nʲ	i_				[Sapir 1930: 51]
Ute-Southern Paiute	ŋ	ŋʲ	i_				[Sapir 1930: 51]
Ute-Southern Paiute	q	qʷ	u_				[Sapir 1930: 51]
Ute-Southern Paiute	q	qʷ	u_	tiʷiŋuqa → tiʷiŋuŋqʷaaiŋwa	as (he) asked him		[Sapir 1930: 58]
Ute-Southern Paiute	ɣ	ɣʷ	u_	quɣa → quɣʷa	to make a sound		[Sapir 1930: 58]
Ute-Southern Paiute	q	qʷ	ɔ_	nɔqi → nɔqʷi	to come carrying on ones back		[Sapir 1930: 58]
Ute-Southern Paiute	ɣ	ɣʷ	ɔ_	nɔɣi → nɔɣʷini	come carry me on (your) back!		[Sapir 1930: 58]
Ute-Southern Paiute	p	v	V_V	píapi → kavavíapi	mare		[Givón 2011: 24]
Ute-Southern Paiute	t	r	V_V	tuachi → núuruachi	Ute child		[Givón 2011: 25]
Ute-Southern Paiute	k	ɡ	V_V	kava → sáɡava	white horse		[Givón 2011: 26]
Ute-Southern Paiute	k	kʷ	u_	taɡuka → taɡukʷa			[Givón 2011: 29]
Ute-Southern Paiute	k	kʷ	o_				[Givón 2011: 29]
Ute-Southern Paiute	k	kʷ	ɵ_	pɵ'ɵka → pɵ'ɵkʷa			[Givón 2011: 29]
Ute-Southern Paiute	ɡ	ɡʷ	u_				[Givón 2011: 29]
Ute-Southern Paiute	ɡ	ɡʷ	o_				[Givón 2011: 29]
Ute-Southern Paiute	ɡ	ɡʷ	ɵ_				[Givón 2011: 29]
Mono (USA)	k	q	_o				[Lamb 1957: 93]
Mono (USA)	q	k	_i	jaqa → jaki			[Lamb 1957: 93]
Mono (USA)	q	k	_u	wahah-qu → wahah-ku	ten-OBJ		[Lamb 1957: 93]
Mono (USA)	qʷ	kʷ	_i				[Lamb 1957: 95]
Mono (USA)	qʷ	kʷ	_y				[Lamb 1957: 95]
Southeastern Tepehuan	d	dʲ	Cʲ_	'daa.kaʔn → hinʲdʲaak	my nose		[Willett 1991: 16]
Southeastern Tepehuan	d	dʲ	i_				[Willett 1991: 16]
Southeastern Tepehuan	t	tʲ	Cʲ_	'too.naʔn → hinʲtʲoon	my leg (foot)		[Willett 1991: 16]
Southeastern Tepehuan	t	tʲ	i_				[Willett 1991: 16]
Southeastern Tepehuan	s	ʃ	Cʲ_	hum'soiʔ → hinʲʃoiʔ	'my domestical animal'		[Willett 1991: 16]
Southeastern Tepehuan	s	ʃ	i_				[Willett 1991: 16]
Southeastern Tepehuan	n	nʲ	Cʲ_	no'viʔn → hinʲnʲov	'my arm (hand)'		[Willett 1991: 16]
Southeastern Tepehuan	n	nʲ	i_				[Willett 1991: 16]
Southeastern Tepehuan	rʲ	ɡlʲ	Cʲ_	'ɡaʔ.rʲa → humʲɡaʔ.ɡlʲi	he (has) sold it to you		[Willett 1991: 16]
Southeastern Tepehuan	rʲ	ɡlʲ	i_				[Willett 1991: 16]
Southeastern Tepehuan	b	ʔm	_C				[Willett 1991: 17]
Southeastern Tepehuan	d	ʔn	_C				[Willett 1991: 17]
Southeastern Tepehuan	ɡ	ʔŋ	_C	'ɡaa.ɡaʔ → 'ɡaaʔŋ.ɡaʔ			[Willett 1991: 17]
Southeastern Tepehuan	dʲ	ʔnʲ	_C				[Willett 1991: 17]
Southeastern Tepehuan	b	ʔm	_#	'kai.baʔ → 'kaiʔm	it (has) ripened		[Willett 1991: 17]
Southeastern Tepehuan	d	ʔn	_#	'duu.duʔ → 'duuʔn	it (has) rained		[Willett 1991: 17]
Southeastern Tepehuan	ɡ	ʔŋ	_#				[Willett 1991: 17]
Southeastern Tepehuan	dʲ	ʔnʲ	_#	'bai.džaʔ → baiʔnʲ			[Willett 1991: 17]
Upper Necaxa Totonac	n	m	_C	kin → kimpuskáːt	my wife		[Beck 2004: 3]
Upper Necaxa Totonac	n	ŋ	_C	ʔayán → kiʔŋayán	my turtle		[Beck 2004: 3]
Upper Necaxa Totonac	ʃ	s	_s	iʃ → isasán	his skunk		[Beck 2004: 3]
Upper Necaxa Totonac	ʃ	s	_sʲ	iʃ → isʲáta	his child		[Beck 2004: 3]
Upper Necaxa Totonac	ʃ	s	_ts	iʃ → istsí:	his mother		[Beck 2004: 3]
Cocama-Cocamilla	p	b	C[+nasal]_	kunpetsa → kumbetsa	turtle		[Yopán 2010: 98] 
Cocama-Cocamilla	t	d	C[+nasal]_	tatsanti → rasandi	type of dance		[Yopán 2010: 98]
Cocama-Cocamilla	k	ɡ	C[+nasal]_	jankata → jaŋɡata	put		[Yopán 2010: 98]
Cocama-Cocamilla	ts	dz	C[+nasal]_	ɨmɨntsara → ɨmɨndzara	narrate		[Yopán 2010: 98]
Cocama-Cocamilla	k	kʰ	_ɨ	ɨkira → ɨkʰɨra	green		[Yopán 2010: 99]
Cocama-Cocamilla	w	β	V_V	tewe → teβe	salt		[Yopán 2010: 99]
Cocama-Cocamilla	j	z	V_V	pijaki → pizaki	toucan		[Yopán 2010: 100]
Cocama-Cocamilla	j	z	#_V	juru → zuru	mouth		[Yopán 2010: 100]
Cocama-Cocamilla	ts	s	_V[non-hiɡh]	tsetsa → səsa	flower		[Yopán 2010: 100]
Cocama-Cocamilla	ts	ʧ	_i	tsitsa → ʧitsa	face		[Yopán 2010: 101]
Cocama-Cocamilla	n	ɲ	_j	tsanjuri → tsaɲuri	come on in		[Yopán 2010: 101]
Cocama-Cocamilla	n	ŋ	_#	miʃan → miʃaŋ	small		[Yopán 2010: 103]
Cocama-Cocamilla	ɴ	m	_ p	puɴpuna → pumbuna	bird (tahuampa) sp.		[Yopán 2010: 103]
Cocama-Cocamilla	ɴ	n	_t	kaɴtuni → kanduni	see you tomorrow		[Yopán 2010: 103]
Cocama-Cocamilla	ɴ	n	_ts	ɨmɨɴtsara → ɨmɨndzara	narrate		[Yopán 2010: 103]
Cocama-Cocamilla	ɴ	ŋ	_k	axaɴka → axaŋɡa	here (FS)		[Yopán 2010: 103]
Arikem	t	tʲ	ɟ_	ɨta → aɟtʲa	2 pl. pronoun		[Storto 1999: 40]
Kotiria	r	l	_i	ari → ali-ro	DEM:PROX-SG		[Stenzel 2004: 68]
Kotiria	r	l	_e				[Stenzel 2004: 68]
Filomena Mata Totonac	l	ɬ	_C	anli → ɬtantaɬ	naked		[McFarland 2009: 31]
Filomena Mata Totonac	l	ɬ	_#	anli → ɬtantaɬ	naked		[McFarland 2009: 31]
Yecuatla Totonac	p	b	[+voice]_[+voice]				[MacKay 1999: 33]
Yecuatla Totonac	t	d	[+voice]_[+voice]				[MacKay 1999: 33]
Yecuatla Totonac	k	ɡ	[+voice]_[+voice]	tankwin → taŋɡwin	money		[MacKay 1999: 33]
Yecuatla Totonac	q	ɢ	[+voice]_[+voice]				[MacKay 1999: 33]
Yecuatla Totonac	ts	dʒ	[+voice]_[+voice]				[MacKay 1999: 33]
Yecuatla Totonac	tʃ	ǰ	[+voice]_[+voice]	tʃiinitʃu → tʃiiniǰu	very		[MacKay 1999: 33]
Yecuatla Totonac	q	χ	V_	laqaput → laχaput	chokecherry (capulin)		[MacKay 1999: 35]
Yecuatla Totonac	ɬ	l	_.	minpaqʃulul → minpaqʃuluɬ	your forearm		[MacKay 1999: 40]
Yecuatla Totonac	n	m	_p	mintaaqatat → mimpuutʃaqaani	your washbasin		[MacKay 1999: 41]
Yecuatla Totonac	n	m	_m				[MacKay 1999: 41]
Yecuatla Totonac	n	m	_w				[MacKay 1999: 41]
Yecuatla Totonac	n	nʲ	_tʃ	mintʃiʃkuˀ → minʲtʃiʃkuˀ	your man		[MacKay 1999: 41]
Yecuatla Totonac	n	nʲ	_ʃ				[MacKay 1999: 41]
Yecuatla Totonac	n	ŋ	_k	minkin → miŋkin	your nose		[MacKay 1999: 41]
Yecuatla Totonac	n	ɴ	_q	winqaɬaana → wiɴqaɬaana	this thief		[MacKay 1999: 41]
Yecuatla Totonac	ɬ	h	_.	tʃaɬkaatnan → tʃahkaatnan	s/he works		[MacKay 1999: 42]
Huehuetla Tepehua	p	b	[+voice]_[+voice]	kimpay → kimbay	my father		[Kung 2007: 38]
Huehuetla Tepehua	t	d	[+voice]_[+voice]	juntaa → jundaa	where		[Kung 2007: 38]
Huehuetla Tepehua	k	ɡ	[+voice]_[+voice]	jii kumpaalii → jii ɡumpaalii	VOC compadre		[Kung 2007: 38]
Huehuetla Tepehua	w	β	V_V	awiy → aβi	mouse		[Kung 2007: 48]
Huehuetla Tepehua	h	ç	#_i	'hip → 'çip	fire		[Kung 2007: 50]
Huehuetla Tepehua	h	ç	#_e	hɛ.'nɛeu → çɛ.'nɛeu	dark brown color		[Kung 2007: 50]
Huehuetla Tepehua	h	x	#_u	'huːk̥i → 'xuːk̥i	deer		[Kung 2007: 50]
Huehuetla Tepehua	h	x	#_o	'hoːʔat → 'xoːʔat	male		[Kung 2007: 50]
Huehuetla Tepehua	h	x	#_a	'haː.ɓa.t̥i → 'xaː.ɓa.t̥i	japa plant		[Kung 2007: 50]
Arapaho	b	p	_C				[Cowell, Moss 2008: 14]
Arapaho	b	p	_#				[Cowell, Moss 2008: 14]
Arapaho	c	cʰ	_C				[Cowell, Moss 2008: 14]
Arapaho	k	kʰ	_C				[Cowell, Moss 2008: 14]
Arapaho	t	tʰ	_C				[Cowell, Moss 2008: 14]
Arapaho	c	cʰ	_#				[Cowell, Moss 2008: 14]
Arapaho	k	kʰ	_#				[Cowell, Moss 2008: 14]
Arapaho	t	tʰ	_#				[Cowell, Moss 2008: 14]
Arapaho	θ	s	_i	bebíiθ → bebíisííhi	properly		[Cowell, Moss 2008: 19]
Arapaho	θ	s	_j				[Cowell, Moss 2008: 19]
Arapaho	θ	x	_u	bíxooθ → bíxooxú	love me!		[Cowell, Moss 2008: 20]
Arapaho	t	θ	_i	toot → tooθííhi	nearby		[Cowell, Moss 2008: 20]
Arapaho	t	θ	_j				[Cowell, Moss 2008: 20]
Loup A	θ	ʃ	_ī				[Gustafson 2000: 29]
Loup A	θ	ʃ	_i				[Gustafson 2000: 29]
Loup A	θ	ʃ	_y				[Gustafson 2000: 29]
Loup A	t	c	_ī				[Gustafson 2000: 29]
Loup A	t	c	_i	netiːmeː → neciːmaː	I proceed by watter, paddle a canoe		[Gustafson 2000: 30]
Loup A	t	c	_y	watyiwi → waciw	hill		[Gustafson 2000: 30]
Loup A	k	tʲ	_im	pjaːkiminali → patʲimenas	cranberries		[Gustafson 2000: 31]
Loup A	k	tʲ	_ip				[Gustafson 2000: 31]
Loup A	k	tʲ	_ihp				[Gustafson 2000: 31]
Loup A	k	tʲ	_iw	kaːkaːkiwa → kakatʲiw	crow		[Gustafson 2000: 31]
Loup A	k	tʲ	_ik				[Gustafson 2000: 31]
Loup A	k	tʲ	_ihk				[Gustafson 2000: 31]
Mapudungun	ð	s	_#	að → as	habit		[Smeets 2008: 32]
Mapudungun	ð	ç	_#	anɡkað → anɡkaç	to have so. on the back of ones horse		[Smeets 2008: 32]
Mapudungun	ç	r	_C	fyçky → fyrky	fresh, cool		[Smeets 2008: 33]
Mapudungun	ʈ	t	V_V	iʈokom → itokom	everybody		[Smeets 2008: 33]
Mapudungun	ʈ	c	V_V	foʈym → focym	son (of a man)		[Smeets 2008: 33]
Mapudungun	w	q	_#	umaw → umaq	to sleep		[Smeets 2008: 33]
Mapudungun	q	r	_#	liq → lir	white		[Smeets 2008: 34]
Mapudungun	n	nʲ	_#	acellpen → acellpenʲ	floating ashes		[Smeets 2008: 34]
Mapudungun	nɡ	n	_e				[Zúñiga 2000: 6]
Mapudungun	nɡ	n	_i				[Zúñiga 2000: 6]
Maipure	p	b	V[+nasal]_	anãpa → anãba	dog		[Facundes 2000: 73]
Maipure	t	d	V[+nasal]_	õtaniri → õdaniri	her spouse		[Facundes 2000: 73]
Maipure	k	ɡ	V[+nasal]_	ikanõkɛ → ikanõɡa	heart of		[Facundes 2000: 73]
Maipure	k	kʲ	_ɛ	kɛta → kʲɛta	shoot		[Facundes 2000: 77]
Maipure	p	pʰ	_V[-voice]				[Facundes 2000: 79]
Maipure	k	kʰ	_V[-voice]				[Facundes 2000: 79]
Maipure	n	ɲ	_i	nɨ → ɲimar'ota	I know		[Facundes 2000: 82]
Maipure	h	Ø	V_	hīmarota → ɲīīma'rota	I know		[Facundes 2000: 83]
Yine	l	ɾ	i_	klata-lɨ → ksaçi-rɨ	black-SGM		[Hanson 2010: 34]
Yine	l	ɾ	e_	klata-lɨ → kihle-rɨ	good-SGM		[Hanson 2010: 34]
Yine	l	ɾ	ɨ_	klata-lɨ → kʃinikanɨ-rɨ	intelligent-SGM		[Hanson 2010: 34]
Asheninka Pajonal	k	kʲ	_i				[Mihas 2010: 57]
Asheninka Pajonal	k	kʷ	_a	okanta → okʷanta	in the meantime		[Mihas 2010: 57]
Asheninka Pajonal	k	ɡ	V_V	naaka → naaɡa	I		[Mihas 2010: 58]
Asheninka Pajonal	k	ɡ	ɴ_V	nasaɴkaniki → nasaŋɡanɪkɪ	in my heart		[Mihas 2010: 58]
Asheninka Pajonal	s	ʃ	_i	pɪsijakantapaɪnteɾo → pɪʃijakantapaɪnteɾo	Take a picture of it		[Mihas 2010: 61]
Ajyininka Apurucayali	r	w	V[-hiɡh]_o	notsʰipatari → notsʰipatawo	I accompanied her		[Payne 1981: 93]
Ajyininka Apurucayali	ɡ	Ø	CV_VC				[Payne 1981: 118]
Galibi Carib	p	ʔp	V[+stress]_	pipi → 'piʔpi	grandma		[Courtz 2008: 31]
Galibi Carib	p	hp	VV[+stress]_	waipo → 'waihpo	well-being		[Courtz 2008: 31]
Galibi Carib	p	b	CV[-stress]_	sapera → sabera	cup		[Courtz 2008: 31]
Galibi Carib	p	b	ɴ_	kuɴpo → kumbo	mouse		[Courtz 2008: 31]
Galibi Carib	t	ʔt	V[+stress]_	tata → 'taʔta	mom		[Courtz 2008: 31]
Galibi Carib	t	ht	VV[+stress]_	auto → 'auhto	house		[Courtz 2008: 31]
Galibi Carib	t	d	CV[-stress]_	kataru → kadaru	turtle		[Courtz 2008: 31]
Galibi Carib	t	d	ɴ_	moɴto → mondo	present		[Courtz 2008: 31]
Galibi Carib	k	ʔk	V[+stress]_	koko → 'koʔko	night		[Courtz 2008: 31]
Galibi Carib	k	hk	VV[+stress]_	aiko → 'aihko	be!		[Courtz 2008: 31]
Galibi Carib	k	ɡ	CV[-stress]_	pakira → paɡira	peccary		[Courtz 2008: 31]
Galibi Carib	k	ɡ	ɴ_	oɴkai → oŋɡai	comb		[Courtz 2008: 31]
Galibi Carib	s	ʃ	_i	simo → ʃimo	liana		[Courtz 2008: 32]
Galibi Carib	s	ʃ	i_	pisu → piʃu	insect sp.		[Courtz 2008: 32]
Galibi Carib	ŋ	m	_p	iɾoŋbo → iɾombo	and then		[Courtz 2008: 32]
Galibi Carib	r	ɾ	i_	paira → paiɾa	letterwood		[Courtz 2008: 32]
Trio	m	iɲɲ	_j	monamï → monaiɲɲaɛ	You are hiding it		[Meira 1999: 44]
Wayana	t	tʲ	_i	panti → pantʲi	male vestment		[Tavares 2006: 18]
Wayana	h	ʃ	_i	hiparat → ʃiparat	crab		[Tavares 2006: 20]
Wayana	h	ʃ	i_V	piha→ piʃa	domestic cat		[Tavares 2006: 20]
Wayana	h	ʃ	t_	panaŋmathe → panaŋmatʃe	good to hear		[Tavares 2006: 20]
Wayana	n	ɲ	i_	i.nuu → iɲuu	his tongue		[Tavares 2006: 24]
Wayana	n	ɲ	j_	pɘ.jnɘ.kɘ → pɘjɲɘkɘ	wild pig		[Tavares 2006: 24]
Wayana	j	jʒ	_u	juwej → jʒuwej	I am going to dance		[Tavares 2006: 25]
Wayana	j	jʒ	_e	jewanɘ → jʒewanɘ	my heart		[Tavares 2006: 25]
Wari'	i	tʃ	_k	taraji → taratʃi'kon	his ear		[Everett, Kern 1997: 408]
Wari'	k	ɡ	C[+nasal]_				[Everett, Kern 1997: 409]
Wari'	t	d	C[+nasal]_	monte → monde	Where is my father?		[Everett, Kern 1997: 409]
Wari'	p	b	C[+nasal]_	maapi → maabi	Where is my fishhook?		[Everett, Kern 1997: 409]
Teribe	p	m	_C[+nasal]	op → omnek	hide		[Quesada 2000: 19]
Teribe	b	β	V_V	o.pi → o.βi	again		[Quesada 2000: 19]
Teribe	b	β	V_C[+voc]	o.bɾi → o.βɾi	different		[Quesada 2000: 19]
Teribe	r	t	_#	ber → bet	remain		[Quesada 2000: 27]
Teribe	pʰ	p	#_				[Quesada 2000: 36]
Teribe	tʰ	t	#_				[Quesada 2000: 36]
Teribe	kʰ	k	#_				[Quesada 2000: 36]
Teribe	p	b	V_V				[Quesada 2000: 36]
Teribe	t	d	V_V				[Quesada 2000: 36]
Teribe	k	ɡ	V_V				[Quesada 2000: 36]
Teribe	t	ð̼	V_V				[Quesada 2000: 36]
Teribe	ɡ	ɣ	V_V				[Quesada 2000: 36]
Mochica	d	i	V_	led → lei	outside		[Hovdhaugen 2004: 16]
Mochica	ç	y	V_	miçi → miyi	nail		[Hovdhaugen 2004: 16]
Mochica	t	r	_V	tipæn → ripæn	suddenly		[Hovdhaugen 2004: 16]
Tipai	p	b	_V				[Gorbet 1976: 4]
Tipai	p	v	_V				[Gorbet 1976: 4]
Tipai	p	β	_V				[Gorbet 1976: 4]
Tipai	c	tʲ	_V				[Gorbet 1976: 4]
Tipai	c	ʒ	_V				[Gorbet 1976: 4]
Tipai	c	dʲ	_V				[Gorbet 1976: 4]
Tipai	k	ɡ	_V				[Gorbet 1976: 4]
Ineseno	l	l̥	_.	aˀltʃʰum → aˀl̥tʃʰum̥	shell money		[Applegate 1972: 17]
Ineseno	m	m̥	_.	aˀltʃʰum → aˀl̥tʃʰum̥	shell money		[Applegate 1972: 17]
Ineseno	y	y̥	_.	swɨy → swɨy̥wɨy̥	it is notched, grooved		[Applegate 1972: 17]
Ineseno	k	kʰ	_C[+nasal]	soxtonokmuˀ → soxtonokʰmuˀu	village name		[Applegate 1972: 20]
Ineseno	q	qʰ	_C[+nasal]				[Applegate 1972: 20]
Ineseno	p	pʰ	_C[+nasal]	pniwon → pʰniwon	you let go of it		[Applegate 1972: 20]
Ineseno	k	kʰ	_C[+ɡlott]	ktʃˀamɨn → kʰtʃˀamɨn	I know		[Applegate 1972: 20]
Ineseno	q	qʰ	_C[+ɡlott]	saqkˀam → saqʰkˀam	he gets stuck in an opening		[Applegate 1972: 20]
Ineseno	p	pʰ	_C[+ɡlott]				[Applegate 1972: 20]
Ineseno	k	kʰ	_t				[Applegate 1972: 21]
Ineseno	q	qʰ	_t				[Applegate 1972: 21]
Ineseno	p	pʰ	_t	ktepet → kʰtepet	I roll it		[Applegate 1972: 21]
Ineseno	k	kʰ	_k				[Applegate 1972: 21]
Ineseno	q	qʰ	_k				[Applegate 1972: 21]
Ineseno	p	pʰ	_k	pkuy → pʰkuy	you take it		[Applegate 1972: 21]
Havasupai-Walapai-Yavapai	k	ŋ	_m	kákì → káŋ mímtóp	Dont cry		[Redden 1966: 9]
Havasupai-Walapai-Yavapai	k	ŋ	_ɲ	wáyìk → wáyìŋ ɲìnwám	If you sit on the chair		[Redden: 9]
Havasupai-Walapai-Yavapai	ɲ	ŋ	_m	ɲiwá → ŋwá	he, that one		[Redden 1966: 9]
Havasupai-Walapai-Yavapai	t	d	V_V				[Redden 1966: 10]
Havasupai-Walapai-Yavapai	k	ɡ	V_V				[Redden 1966: 10]
Havasupai-Walapai-Yavapai	tʃ	dʒ	V_V				[Redden 1966: 10]
Havasupai-Walapai-Yavapai	t	d	V_C[+voice]				[Redden 1966: 10]
Havasupai-Walapai-Yavapai	k	ɡ	V_C[+voice]				[Redden 1966: 10]
Havasupai-Walapai-Yavapai	tʃ	dʒ	V_C[+voice]				[Redden 1966: 10]
Havasupai-Walapai-Yavapai	k	kʷ	_w				[Redden 1966: 10]
Havasupai-Walapai-Yavapai	k	kʷ	_V[-voice]w				[Redden 1966: 10]
Havasupai-Walapai-Yavapai	v	f	h_				[Redden 1966: 10]
Havasupai-Walapai-Yavapai	w	w̥	h_				[Redden 1966: 10]
Havasupai-Walapai-Yavapai	l	l̥	h_				[Redden 1966: 10]
Havasupai-Walapai-Yavapai	y	y̥	h_				[Redden 1966: 10]
Havasupai-Walapai-Yavapai	v	f	_#				[Redden 1966: 10]
Havasupai-Walapai-Yavapai	w	w̥	_#				[Redden 1966: 10]
Havasupai-Walapai-Yavapai	l	l̥	_#				[Redden 1966: 10]
Havasupai-Walapai-Yavapai	y	y̥	_#				[Redden 1966: 10]
Havasupai-Walapai-Yavapai	θ	ð	V_V				[Redden 1966: 10]
Havasupai-Walapai-Yavapai	θ	ð	C[+voice]_V				[Redden 1966: 10]
Havasupai-Walapai-Yavapai	m	m̥	_#				[Redden 1966: 11]
Havasupai-Walapai-Yavapai	n	n̥	_#				[Redden 1966: 11]
Havasupai-Walapai-Yavapai	ɲ	ɲ̊	_#				[Redden 1966: 11]
Havasupai-Walapai-Yavapai	ŋ	ŋ̊	_#				[Redden 1966: 11]
Havasupai-Walapai-Yavapai	m	m̥	h_				[Redden 1966: 11]
Havasupai-Walapai-Yavapai	n	n̥	h_				[Redden 1966: 11]
Havasupai-Walapai-Yavapai	ɲ	ɲ̊	h_				[Redden 1966: 11]
Havasupai-Walapai-Yavapai	ŋ	ŋ̊	h_				[Redden 1966: 11]
Havasupai-Walapai-Yavapai	ɽ	ɽ̥	_C[-voice]				[Redden 1966: 11]
Central Yupik	c̺	ts	_e	c̺etaman → tsetaman	four		[Jacobson 1995: 2]
Central Yupik	l	l̥	_t	qelta → qel̥ta	scale		[Jacobson 1995: 6]
Central Yupik	l	l̥	_p				[Jacobson 1995: 6]
Central Yupik	l	l̥	_k				[Jacobson 1995: 6]
Central Yupik	l	l̥	t_				[Jacobson 1995: 6]
Central Yupik	l	l̥	p_				[Jacobson 1995: 6]
Central Yupik	l	l̥	k_				[Jacobson 1995: 6]
Central Yupik	v	v̥	_t				[Jacobson 1995: 6]
Central Yupik	v	v̥	_p				[Jacobson 1995: 6]
Central Yupik	v	v̥	_k				[Jacobson 1995: 6]
Central Yupik	v	v̥	t_				[Jacobson 1995: 6]
Central Yupik	v	v̥	p_				[Jacobson 1995: 6]
Central Yupik	v	v̥	k_	ekvik → ekv̥ik	river bank		[Jacobson 1995: 6]
Central Yupik	s	s̥	_t				[Jacobson 1995: 6]
Central Yupik	s	s̥	_p				[Jacobson 1995: 6]
Central Yupik	s	s̥	_k				[Jacobson 1995: 6]
Central Yupik	s	s̥	t_				[Jacobson 1995: 6]
Central Yupik	s	s̥	p_				[Jacobson 1995: 6]
Central Yupik	s	s̥	k_				[Jacobson 1995: 6]
Central Yupik	y	c	#_	yaquq → caquq	wing		[Miyaoka 2012: 52]
Central Yupik	c	s	#_	curaq → suraq	blueberry		[Miyaoka 2012: 52]
Kalaallisut	t	s	i_	kaffi-tuq → kaffisoq	to drink coffee	alternation appears after certain stems	[Sadock 2003]
Aleut	mʰ	m	_V#				[Bergsland 1997: 17]
Aleut	nʰ	n	_V#				[Bergsland 1997: 17]
Aleut	ŋʰ	ŋ	_V#				[Bergsland 1997: 17]
Aleut	m	m̥	_C[-voice]				[Bergsland 1997: 17]
Aleut	m	m̥	_#				[Bergsland 1997: 17]
Aleut	n	n̥	_C[-voice]				[Bergsland 1997: 17]
Aleut	n	n̥	_#				[Bergsland 1997: 17]
Aleut	ŋ	ŋ̥	_C[-voice]				[Bergsland 1997: 17]
Aleut	ŋ	ŋ̥	_#				[Bergsland 1997: 17]
Aleut	b	v	_V	baanaχ → vaanaχ	bathhouse		[Bergsland 1997: 17]
Aleut	t	tʲ	_i	tatuχ → utʲikuχ	he is going down the shore		[Bergsland 1997: 18]
Aleut	d	dʲ	_i	daχ → idʲiɡaχ	something sweet		[Bergsland 1997: 18]
Aleut	dʰ	dʰʲ	_i				[Bergsland 1997: 18]
Aleut	nʰ	nʰʲ	_i				[Bergsland 1997: 18]
Aleut	n	nʲ	_i				[Bergsland 1997: 18]
Aleut	lʰ	lʰʲ	_i	talʰaχ → walʰʲiɡan	here		[Bergsland 1997: 19]
Aleut	l	lʲ	_i				[Bergsland 1997: 18]
Aleut	t	d	V_u	atim → hidusaqaa	he went out with it	stem final before suffixes	[Bergsland 1997: 37]
Aleut	t	ch	a	hit-ada → hichada	go out	stem final before suffixes that are not formed from i	[Bergsland 1997: 37]
Aleut	t	ch	uu				[Bergsland 1997: 37]
Aleut	t	Ø	_n	hit-na-χ → hinaχ	he went out	stem final before suffixes	[Bergsland 1997: 39]
Aleut	t	Ø	_l	asχat-lakaχ → asχalakaχ	did not kill	stem final before suffixes	[Bergsland 1997: 39]
Aleut	t	Ø	_z	hit-zaaɡu → hizaaɡu	recently emerged	stem final before suffixes	[Bergsland 1997: 39]
Aleut	χ	Ø	C_	su-χta → kim-ta	to go out for a while	alternation occurs in particular suffixes	[Bergsland 1997: 40]
Kadiweu	χ	ɢ	#_	χodː-baːaːɢad → ɢobaːaːɢad	our hand		[Sandalo 1997: 18]
Kadiweu	d	Ø	_C			the alternation occurs before a clitic boundary	[Sandalo 1997: 18]
Kadiweu	ɢ	Ø	_C	jaɢ-j-opil → jajopiʔ	I have gone	the alternation occurs before a clitic boundary	[Sandalo 1997: 18]
Kadiweu	dː	Ø	_C	χodː-baːaːɢad → ɢobaːaːɢad	our hand	the alternation occurs before a clitic boundary	[Sandalo 1997: 18]
Kadiweu	d	ɾ	V_V	jiciditike → jiciɾitike	I swing it		[Sandalo 1997: 18]
Kadiweu	d	t	V_#				[Sandalo 1997: 18]
Kadiweu	m	Ø	_#	jicom → jicoʔ	I put it		[Sandalo 1997: 18]
Kadiweu	l	Ø	_#	jopil → jopiʔ	we go away	the alternation does not occur in Noble Kadiweu	[Sandalo 1997: 18]
Achumawi	t	ɗ̥	_#	sat → saɗ̥	knife		[Angulo, Freeland 1930: 79]
Achumawi	k	ɠ̊	_#				[Angulo, Freeland 1930: 79]
Achumawi	p	ɓ̥	_#	àp → aɓ̥	soap-root		[Angulo, Freeland 1930: 79]
Achumawi	l	lˀ	_#	tsùl → tsùlˀ	sun		[Angulo, Freeland 1930: 79]
Achumawi	m	mˀ	_#	làm → làmˀ	ice		[Angulo, Freeland 1930: 79]
Chimariko	p	b	V_V				[Jany 2009: 16]
Chimariko	t	d	V_V	wisseeta → wisseeda	downstream		[Jany 2009: 16]
Chimariko	ʈ	ɖ	V_V				[Jany 2009: 16]
Chimariko	k	ɡ	V_V				[Jany 2009: 16]
Chimariko	q	ɢ	V_V				[Jany 2009: 16]
Chimariko	ts	dz	V_V				[Jany 2009: 16]
Chimariko	ʧ	dʒ	V_V				[Jany 2009: 16]
Chimariko	p	b	C[+nasal]_				[Jany 2009: 16]
Chimariko	t	d	C[+nasal]_				[Jany 2009: 16]
Chimariko	ʈ	ɖ	C[+nasal]_				[Jany 2009: 16]
Chimariko	k	ɡ	C[+nasal]_				[Jany 2009: 16]
Chimariko	q	ɢ	C[+nasal]_				[Jany 2009: 16]
Chimariko	ts	dz	C[+nasal]_				[Jany 2009: 16]
Chimariko	ʧ	dʒ	C[+nasal]_				[Jany 2009: 16]
Chimariko	l	ll	V_V	xalal-op → xalall-op	baby-DEF 	confined to morpheme boundaries	[Jany 2009: 19]
Chimariko	m	mm	V_V	ṭama → ṭamma	‘salmon meal’	confined to morpheme boundaries	[Jany 2009: 19]
Chimariko	n	nn	V_V	pʰaˀaasini → pʰaˀaasinni	that way	confined to morpheme boundaries	[Jany 2009: 19]
Chimariko	s	ss	V_V	h-iwe-ta → h-iwet-ta	3-hook-ASP 	confined to morpheme boundaries	[Jany 2009: 19]
Chimariko	t	tt	V_V	wiseeda → wisseeda	‘downstream’	confined to morpheme boundaries	[Jany 2009: 19]
Chimariko	ˀ	Ø	_V				[Jany 2009: 24]
Chimariko	h	Ø	_V				[Jany 2009: 24]
Chimariko	ˀ	Ø	#_	yapʰaˀi + ˀimiˀnani  → yapʰaˀ imiˀnan	I want to marry		[Jany 2009: 24]
Chimariko	h	Ø	#_	hita → ita	many, lots		[Jany 2009: 24]
Chimariko	qʰ	q	_C	haˀaqʰa-tamta → haˀaqtamta	‘(deer) went downslope’ 		[Jany 2009: 26]
Chimariko	pʰ	p	_C				[Jany 2009: 26]
Chimariko	tʰ	t	_C				[Jany 2009: 26]
Chimariko	ʈʰ	ʈ	_C				[Jany 2009: 26]
Chimariko	kʰ	k	_C				[Jany 2009: 26]
Chimariko	y	ˀ	_i			first person singular agent	[Jany 2009: 34]
Esselen	s	ʃ	_i	tʃis → tʃiʃi	rabbit		[Shaul 1995: 198]
Esselen	p	f	_C				[Shaul 1995: 198]
Hupa	nʔ	ʔn	_ɪ#	cˤɪ-wɪn-j̩anʔ-ɪ → cˤɪwɪŋj̩aʔn	he ate something'		[Golla 1970: 54]
Hupa	n	ŋ	_#	сʰɪn→сʰɪŋ 	tree, stick'		[Golla 1970: 54]
Hupa	n	ŋ	_ʔ	nɪn-ʔɪɬ→nɪŋʔɪɬ	'(animals) arrived swimming'		[Golla 1970: 54]
Hupa	n	ŋ	_j̩	ʔɪ-n-j̩ew̩→ʔɪŋj̩ehw̩	'rub it!'		[Golla 1970: 54]
Hupa	n	ŋ	_w̩	ɬɪ-n-w̩ɪn→ɬɪŋw̩ɪŋ	'you are black'		[Golla 1970: 54]
Hupa	n	ŋ	_cʰ	tʃˤʰɪ-n-cʰah-ɪ→tʃˤʰɪŋcʰaʰw	'he is big'		[Golla 1970: 54]
Hupa	n	ŋ	_kʰ				[Golla 1970: 54]
Hupa	n	ŋ	_kˤʰ				[Golla 1970: 54]
Hupa	n	ŋ	_x	tʃˤʰe-nɪ-n-xeqˤ→tʃˤʰeɪŋxeʔqˤ	'you've split out'		[Golla 1970: 54]
Hupa	n	ŋ	_xʷ				[Golla 1970: 54]
Hupa	n	ŋ	_q				[Golla 1970: 54]
Hupa	n	ŋ	_qˤ				[Golla 1970: 54]
Hupa	n	∅	_m	te-ʔ-tɪ-wɪn-metɬˤ-ɪ→teʔtɪwɪmetɬˤ	he threw them into the fire'		[Golla 1970: 55]
Hupa	n	∅	_l	nɪn-lɪh→nɪleh	(fish) arrived swimming'		[Golla 1970: 55]
Hupa	j̩ʔ	ʔj̩	_ɪ#	ʔɪ-ʔɪ-ɬ-tsʰaj̩ʔ-ɪ→ʔeʔɪɬtsʰaʔj̩	it gets dry'		[Golla 1970: 55]
Hupa	h	w	_ɪ#	nɪ-cʰah-ɪ→nicʰaw	it is big'		[Golla 1970: 55]
Hupa	ɬ	l	_ɪ#	nɪ-teɬ-ɪ→nɪtel	it is wide'		[Golla 1970: 55]
Kato	b	m	n_				[Goddard 1912: 6]
Kato	b	m	ɲ_				[Goddard 1912: 6]
Kato	n	ɲ	_#				[Goddard 1912: 6-7]
Kato	ʃ	ʃ̩	_|				[Goddard 1912: 8]
Kato	k	w	_o:				[Goddard 1912: 11]
Kato	k	w	_u:				[Goddard 1912: 11]
Mattole	k	kʷ	_o				[Grune 1994: 2]
Mattole	x	xʷ	_o				[Grune 1994: 2]
Mattole	x	xʷ	o_				[Grune 1994: 2]
Mattole	k	kʷ	o_				[Grune 1994: 2]
Galice	t	∅				stem-final	[Hojier 1966: 320]
Galice	k	∅				stem-final	[Hojier 1966: 320]
Galice	ʔ	∅				stem-final	[Hojier 1966: 320]
Tututni	x	xʷ	m_	m-xeʔ→mxʷeʔ→xʷeʔ	3SG.POSS-foot	after possessive prefix	[Golla 1976: 220]
Tututni	k	kʷ	m_	m-kakaʔ→mkʷakaʔ→kʷakaʔ	3SG.POSS-mother	after possessive prefix	[Golla 1976: 220]
Tututni	ɣ	ɣʷ	m_	m-ɣahteʔ→mɣʷahteʔ→m-ɣʷahteʔ	3SG.POSS-root	after possessive prefix	[Golla 1976: 220]
Tututni	kˤ	kˤʷ	m_			after possessive prefix	[Golla 1976: 220]
Tututni	m	∅	_xʷ	m-xeʔ→mxʷeʔ→xʷeʔ	3SG.POSS-foot	possessive prefix	[Golla 1976: 220]
Tututni	m	∅	_kʷ	m-kakaʔ→mkʷakaʔ→kʷakaʔ	3SG.POSS-mother	possessive prefix	[Golla 1976: 220]
Tututni	m	∅	_ɣʷ	m-ɣahteʔ→mɣʷahteʔ→m-ɣʷahteʔ	3SG.POSS-root	possessive prefix	[Golla 1976: 220]
Tututni	m	∅	_kˤʷ			possessive prefix	[Golla 1976: 220]
Tututni	mʔ	ʔw	#_	m-ʔat→ʔwat	3SG.POSS-wife	possessive prefix	[Golla 1976: 220]
Tolowa-Chetco	ɬ	tɬ	a_	xʷəɬxáɬ→xʷətɬxátɬ	flea		[Bright 1964: 102-103]
Tolowa-Chetco	ɬ	tɬ	ə_	xʷəɬxáɬ→xʷətɬxátɬ	flea		[Bright 1964: 102-103]
Tolowa-Chetco	ɬ	tɬ	i_				[Bright 1964: 102-103]
Tolowa-Chetco	ɬ	tɬ	ĩ_				[Bright 1964: 102-103]
Tolowa-Chetco	ɬ	tɬ	e_				[Bright 1964: 102-103]
Tolowa-Chetco	ɬ	tɬ	ã_				[Bright 1964: 102-103]
Tolowa-Chetco	ɬ	tɬ	u_				[Bright 1964: 102-103]
Tolowa-Chetco	ɬ	tɬ	ũ_				[Bright 1964: 102-103]
Mandinka	f	ɸ	#_	fiɲɛ → ɸiɲɛ	wind		[Haag 2014:5-6]
Mandinka	f	ɸ	o_				[Haag 2014:5-6]
Mandinka	f	ɸ	u_	kufula →kuɸula	hat		[Haag 2014:5-6]
Mandinka	h	ʁ	V_V	ʃnoho → ʃnoʁo	sleep		[Haag 2014:6-7]
Mandinka	Ø	ç	i_#	boli → boliç	cup		[Haag 2014:7]
Mandinka	N	mb	_b	N-beka → mbeka	1sg-buy	morphological-specific	[Haag 2014:7]
Mandinka	N	nt	_t	N-te → nte	1sg-COP	morphological-specific	[Haag 2014:7]
Beaver	l	ɬ	h_	ta-d-s-h-la → tadèɬa	adv-der-cnj-cl-hold	morphologically-specific	[Beaver 1990: 240]
Beaver	ɣ	x	h_	na-w-h-ɣĩĩ → nawexĩĩ	adv-mod-cl-melt	morphologically-specific	[Beaver 1990: 240]
Beaver	z	s	h_	tsˤe-s-n-n-h-zət → tsˤesenĩsət		morphologically-specific	[Beaver 1990: 240]
Chipewyan	ɣ	x	h_	θʰuh-ɣar → θʰuh-xar	You (sg) shake it		[Li Fang-Kuey 1933: 400]
Chipewyan	ɣw	xw	h_				[Li Fang-Kuey 1933: 400]
Chipewyan	z	s	h_				[Li Fang-Kuey 1933: 400]
Chipewyan	ç	ʝ	h_				[Li Fang-Kuey 1933: 400]
Chipewyan	ɣ	x	x_				[Li Fang-Kuey 1933: 400]
Chipewyan	ɣw	xw	x_				[Li Fang-Kuey 1933: 400]
Chipewyan	z	s	x_				[Li Fang-Kuey 1933: 400]
Chipewyan	ç	ʝ	x_				[Li Fang-Kuey 1933: 400]
Chipewyan	ɣ	x	xw_				[Li Fang-Kuey 1933: 400]
Chipewyan	ɣw	xw	xw_				[Li Fang-Kuey 1933: 400]
Chipewyan	z	s	xw_				[Li Fang-Kuey 1933: 400]
Chipewyan	ç	ʝ	xw_				[Li Fang-Kuey 1933: 400]
Chipewyan	ɣ	x	s_				[Li Fang-Kuey 1933: 400]
Chipewyan	ɣw	xw	s_				[Li Fang-Kuey 1933: 400]
Chipewyan	z	s	s_				[Li Fang-Kuey 1933: 400]
Chipewyan	ç	ʝ	s_				[Li Fang-Kuey 1933: 400]
Chipewyan	ɣ	x	ʝ_				[Li Fang-Kuey 1933: 400]
Chipewyan	ɣw	xw	ʝ_				[Li Fang-Kuey 1933: 400]
Chipewyan	z	s	ʝ_				[Li Fang-Kuey 1933: 400]
Chipewyan	ç	ʝ	ʝ_				[Li Fang-Kuey 1933: 400]
Chipewyan	ss	s		te-s-saih → tesaih	I split		[Li Fang-Kuey 1933: 400]
Chipewyan	ll	l		hĩ:-l-laɬ → hĩ:laɬ	Go to sleep!		[Li Fang-Kuey 1933: 400]
Tanaina	q	h	_p				[Tenebaum 1978: 116]
Tanaina	q	h	_t				[Tenebaum 1978: 116]
Tanaina	q	h	_tl				[Tenebaum 1978: 116]
Tanaina	q	h	_ts				[Tenebaum 1978: 116]
Tanaina	q	h	_tʃ				[Tenebaum 1978: 116]
Tanaina	q	h	_k				[Tenebaum 1978: 116]
Tanaina	q	h	_ɢ				[Tenebaum 1978: 116]
Tanaina	q	h	_ʔ				[Tenebaum 1978: 116]
Tanaina	q	h	_tʰ				[Tenebaum 1978: 116]
Tanaina	q	h	_ kʰ				[Tenebaum 1978: 116]
Tanaina	q	h	_tˤ				[Tenebaum 1978: 116]
Tanaina	q	h	_kˤ				[Tenebaum 1978: 116]
Tanaina	q	h	_tʃʰ				[Tenebaum 1978: 116]
Tanaina	q	h	_tɬʰ				[Tenebaum 1978: 116]
Tanaina	q	h	_tsʰ				[Tenebaum 1978: 116]
Tanaina	q	h	_tʃˤ				[Tenebaum 1978: 116]
Tanaina	q	h	_tsˤ				[Tenebaum 1978: 116]
Tanaina	q	h	_tɬˤ				[Tenebaum 1978: 116]
Tanaina	q	h	_q				[Tenebaum 1978: 116]
Tanaina	q	h	_qʰ				[Tenebaum 1978: 116]
Tanaina	q	h	_qˤ				[Tenebaum 1978: 116]
Tanaina	q	h	_x				[Tenebaum 1978: 116]
Koyukon	ɬ	l	_e	se ɬeɬ-e → se lela	my belt		[Jette 1907: 53]
Koyukon	ɬ	l	_a				[Jette 1907: 53]
Koyukon	ɬ	l	_i				[Jette 1907: 53]
Koyukon	ɬ	l	_o				[Jette 1907: 53]
Koyukon	ɬ	l	_u				[Jette 1907: 53]
Koyukon	s	z	_e				[Jette 1907: 53]
Koyukon	s	z	_a	tʰɬapas-a → se tɬapaza	my knife		[Jette 1907: 53]
Koyukon	s	z	_i				[Jette 1907: 53]
Koyukon	s	z	_o				[Jette 1907: 53]
Koyukon	s	z	_u				[Jette 1907: 53]
Koyukon	tʰ	t	_e	ranitʰ-e → ranite			[Jette 1907: 53]
Koyukon	tʰ	t	_a				[Jette 1907: 53]
Koyukon	tʰ	t	_i				[Jette 1907: 53]
Koyukon	tʰ	t	_o				[Jette 1907: 53]
Koyukon	tʰ	t	_u				[Jette 1907: 53]
Koyukon	ts	dz	_e				[Jette 1907: 53]
Koyukon	ts	dz	_a	i-tʰepets-a → itʰepedza	it is not broad		[Jette 1907: 53]
Koyukon	ts	dz	_i				[Jette 1907: 53]
Koyukon	ts	dz	_o				[Jette 1907: 53]
Koyukon	ts	dz	_u				[Jette 1907: 53]
Koyukon	∅	t	s_l	eslan → estlan	I am		[Jette 1907: 53]
Koyukon	∅	t	s_ɬ	soʔosɬ → soʔostɬ	we (two) shall go		[Jette 1907: 53]
Koyukon	ră	ăr		tʰarăkeʔikʰ → tʰărkeʔikʰ	I shall act		[Jette 1907: 54]
Koyukon	rĕ	ĕr					[Jette 1907: 54]
Koyukon	rŭ	ŭr					[Jette 1907: 54]
Sarsi	s	z	aː_#			grammatical	[Cook 1984: 19]
Sarsi	s	z	oː_#			grammatical	[Cook 1984: 19]
Sarsi	s	z	uː_#	lúːs → lúːz	sew (impf)	grammatical	[Cook 1984: 19]
Sarsi	ç	ʝ	aː_#			grammatical	[Cook 1984: 19]
Sarsi	ç	ʝ	oː_#			grammatical	[Cook 1984: 19]
Sarsi	ç	ʝ	uː_#	ɣūːç → ɣūːʝ	whistle (impf)	grammatical	[Cook 1984: 19]
Sarsi	ɬ	l	aː_#			grammatical	[Cook 1984: 19]
Sarsi	ɬ	l	oː_#	ʔòːɬ → ʔòːl	chew (impf)	grammatical	[Cook 1984: 19]
Sarsi	ɬ	l	uː_#			grammatical	[Cook 1984: 19]
Sarsi	ɣ	j	_u	iiɣuɬ → iiwuɬ			[Cook 1984: 24]
Sarsi	ɣ	w	_i	zisisɣi → zisisji	I killed him		[Cook 1984: 24]
Tahltan	n	m	_p				[Morice 1899: 5]
Tanacross	∅	ʔ	V_V	náɛkzé:x → náʔɛkzé:x	I'm hunting'		[Holton 2000: 34]
Tanacross	ɬ	l	_#			grammatical	[Holton 2000: 38]
Tanacross	z	s				morphologically-specific	[Holton 2000: 43]
Tanacross	l	ɬ					[Holton 2000: 43]
Tanacross	dz	ts					[Holton 2000: 43]
Mescalero-Chiricahua Apache	s	ʃ	_...ʃ			stem-internal, optional	[Hojier 1946: 61]
Mescalero-Chiricahua Apache	s	ʃ	_...tʃ			stem-internal, optional	[Hojier 1946: 61]
Mescalero-Chiricahua Apache	s	ʃ	_...tʃʰ			stem-internal, optional	[Hojier 1946: 61]
Mescalero-Chiricahua Apache	s	ʃ	_...tʃˤ			stem-internal, optional	[Hojier 1946: 61]
Mescalero-Chiricahua Apache	ts	tʃ	_...ʃ			stem-internal, optional	[Hojier 1946: 61]
Mescalero-Chiricahua Apache	ts	tʃ	_...tʃ			stem-internal, optional	[Hojier 1946: 61]
Mescalero-Chiricahua Apache	ts	tʃ	_...tʃʰ			stem-internal, optional	[Hojier 1946: 61]
Mescalero-Chiricahua Apache	ts	tʃ	_...tʃˤ			stem-internal, optional	[Hojier 1946: 61]
Mescalero-Chiricahua Apache	tsʰ	tʃʰ	_...ʃ	ʔìɬ-tsˤéʃ-tò̃ -> ʔìɬ-tʃˤéʃ-tò̃	I straighten it'	stem-internal, optional	[Hojier 1946: 61]
Mescalero-Chiricahua Apache	tsʰ	tʃʰ	_...tʃ			stem-internal, optional	[Hojier 1946: 61]
Mescalero-Chiricahua Apache	tsʰ	tʃʰ	_...tʃʰ			stem-internal, optional	[Hojier 1946: 61]
Mescalero-Chiricahua Apache	tsʰ	tʃʰ	_...tʃˤ			stem-internal, optional	[Hojier 1946: 61]
Mescalero-Chiricahua Apache	tsˤ	tʃˤ	_...ʃ			stem-internal, optional	[Hojier 1946: 61]
Mescalero-Chiricahua Apache	tsˤ	tʃˤ	_...tʃ			stem-internal, optional	[Hojier 1946: 61]
Mescalero-Chiricahua Apache	tsˤ	tʃˤ	_...tʃʰ			stem-internal, optional	[Hojier 1946: 61]
Mescalero-Chiricahua Apache	tsˤ	tʃˤ	_...tʃˤ			stem-internal, optional	[Hojier 1946: 61]
Mescalero-Chiricahua Apache	ʃ	s	_...s			stem-internal, optional	[Hojier 1946: 61]
Mescalero-Chiricahua Apache	ʃ	s	_...ts			stem-internal, optional	[Hojier 1946: 61]
Mescalero-Chiricahua Apache	ʃ	s	_...tsʰ			stem-internal, optional	[Hojier 1946: 61]
Mescalero-Chiricahua Apache	ʃ	s	_...tsˤ			stem-internal, optional	[Hojier 1946: 61]
Mescalero-Chiricahua Apache	tʃ	ts	_...s	nà-tʃìs-pĩ̀h -> nà-tsìs-pĩ̀h	He has swum'	stem-internal, optional	[Hojier 1946: 61]
Mescalero-Chiricahua Apache	tʃ	ts	_...ts			stem-internal, optional	[Hojier 1946: 61]
Mescalero-Chiricahua Apache	tʃ	ts	_...tsʰ			stem-internal, optional	[Hojier 1946: 61]
Mescalero-Chiricahua Apache	tʃ	ts	_...tsˤ			stem-internal, optional	[Hojier 1946: 61]
Mescalero-Chiricahua Apache	tʃʰ	tsʰ	_...s			stem-internal, optional	[Hojier 1946: 61]
Mescalero-Chiricahua Apache	tʃʰ	tsʰ	_...ts			stem-internal, optional	[Hojier 1946: 61]
Mescalero-Chiricahua Apache	tʃʰ	tsʰ	_...tsʰ			stem-internal, optional	[Hojier 1946: 61]
Mescalero-Chiricahua Apache	tʃʰ	tsʰ	_...tsˤ			stem-internal, optional	[Hojier 1946: 61]
Mescalero-Chiricahua Apache	tʃˤ	tsˤ	_...s			stem-internal, optional	[Hojier 1946: 61]
Mescalero-Chiricahua Apache	tʃˤ	tsˤ	_...ts			stem-internal, optional	[Hojier 1946: 61]
Mescalero-Chiricahua Apache	tʃˤ	tsˤ	_...tsʰ			stem-internal, optional	[Hojier 1946: 61]
Mescalero-Chiricahua Apache	tʃˤ	tsˤ	_...tsˤ			stem-internal, optional	[Hojier 1946: 61]
Mescalero-Chiricahua Apache	hɣ	x		hi-ah-ɣà̀ʔ -> hàxàʔ	You two shake it'	stem-internal	[Hojier 1946: 69]
Mescalero-Chiricahua Apache	hj	s		ko-ah-jã -> kà-sã	You two are becoming wise'	stem-internal	[Hojier 1946: 69]
Mescalero-Chiricahua Apache	hz	s				stem-internal	[Hojier 1946: 69]
Mescalero-Chiricahua Apache	hʒ	ʃ				stem-internal	[Hojier 1946: 69]
Mescalero-Chiricahua Apache	hl	ɬ				stem-internal	[Hojier 1946: 69]
Navajo	s	ʃ	_...ʃ				[Reichard 1951: 23-24]
Navajo	s	ʃ	_...tʃ				[Reichard 1951: 23-24]
Navajo	s	ʃ	_...dʒ				[Reichard 1951: 23-24]
Navajo	s	ʃ	_...ʒ				[Reichard 1951: 23-24]
Navajo	ts	tʃ	_...ʃ				[Reichard 1951: 23-24]
Navajo	ts	tʃ	_...tʃ				[Reichard 1951: 23-24]
Navajo	ts	tʃ	_...dʒ				[Reichard 1951: 23-24]
Navajo	ts	tʃ	_...ʒ				[Reichard 1951: 23-24]
Navajo	z	ʒ	_...ʃ				[Reichard 1951: 23-24]
Navajo	z	ʒ	_...tʃ				[Reichard 1951: 23-24]
Navajo	z	ʒ	_...dʒ				[Reichard 1951: 23-24]
Navajo	z	ʒ	_...ʒ				[Reichard 1951: 23-24]
Navajo	dz	dʒ	_...ʃ				[Reichard 1951: 23-24]
Navajo	dz	dʒ	_...tʃ				[Reichard 1951: 23-24]
Navajo	dz	dʒ	_...dʒ				[Reichard 1951: 23-24]
Navajo	dz	dʒ	_...ʒ				[Reichard 1951: 23-24]
Navajo	ʃ	s	_...s				[Reichard 1951: 23-24]
Navajo	ʃ	s	_...ts	ʃi-tsói -> si-tsoi	me daughter's child'		[Reichard 1951: 23-24]
Navajo	ʃ	s	_...dz				[Reichard 1951: 23-24]
Navajo	ʃ	s	_...z				[Reichard 1951: 23-24]
Navajo	tʃ	ts	_...s				[Reichard 1951: 23-24]
Navajo	tʃ	ts	_...ts				[Reichard 1951: 23-24]
Navajo	tʃ	ts	_...dz				[Reichard 1951: 23-24]
Navajo	tʃ	ts	_...z				[Reichard 1951: 23-24]
Navajo	ʒ	z	_...s				[Reichard 1951: 23-24]
Navajo	ʒ	z	_...ts				[Reichard 1951: 23-24]
Navajo	ʒ	z	_...dz				[Reichard 1951: 23-24]
Navajo	ʒ	z	_...z				[Reichard 1951: 23-24]
Navajo	dʒ	dz	_...s				[Reichard 1951: 23-24]
Navajo	dʒ	dz	_...ts				[Reichard 1951: 23-24]
Navajo	dʒ	dz	_...dz				[Reichard 1951: 23-24]
Navajo	dʒ	dz	_...z				[Reichard 1951: 32]
Navajo	t	tˤ	_ʔ			morphologically-specific	[Reichard 1951: 23-24]
Navajo	tm	mˤ				morphologically-specific	[Reichard 1951: 23-24]
Navajo	tn	nˤ				morphologically-specific	[Reichard 1951: 25-32]
Navajo	tj	dz				morphologically-specific	[Reichard 1951: 25-32]
Navajo	tɣ	k				morphologically-specific	[Reichard 1951: 25-32]
Navajo	tz	t				morphologically-specific	[Reichard 1951: 25-32]
Navajo	ɬj	s				morphologically-specific	[Reichard 1951: 25-32]
Navajo	ɬz	s				morphologically-specific	[Reichard 1951: 34]
Navajo	ɣ	x	ɬ_			morphologically-specific	[Reichard 1951: 34]
Navajo	l	∅	ɬ_			morphologically-specific	[Reichard 1951: 34]
Navajo	ʃj	s				morphologically-specific	[Reichard 1951: 35]
Navajo	ɣ	x	ʃ_			morphologically-specific	[Reichard 1951: 35]
Navajo	ʃz	s				morphologically-specific	[Reichard 1951: 35]
Navajo	j	∅	ʃ_			morphologically-specific	[Reichard 1951: 35]
Navajo	z	∅	z_			morphologically-specific	[Reichard 1951: 35]
Navajo	s	∅	s_			morphologically-specific	[Reichard 1951: 35]
Navajo	ʃ	∅	ʃ_			morphologically-specific	[Reichard 1951: 35]
Tlingit	∅	ʔ	#_a				[Crippen 2010: 49]
Tlingit	∅	ʔ	#_a:				[Crippen 2010: 49]
Tlingit	∅	ʔ	#_i				[Crippen 2010: 49]
Tlingit	∅	ʔ	#_i:				[Crippen 2010: 49]
Tlingit	∅	ʔ	#_e				[Crippen 2010: 49]
Tlingit	∅	ʔ	#_e:				[Crippen 2010: 49]
Tlingit	∅	ʔ	#_u				[Crippen 2010: 49]
Tlingit	∅	ʔ	#_u:				[Crippen 2010: 49]
Eyak	j	l	n_			morphologically-specific	[Krauss 1965: 11]
